dataset,split,example_idx,setup_id
wmt24-literary,en-cs,20,aya23
wmt24-literary,en-cs,24,aya23
wmt24-literary,en-cs,50,aya23
wmt24-literary,en-cs,52,aya23
wmt24-literary,en-cs,58,aya23
wmt24-literary,en-cs,32,aya23
wmt24-literary,en-cs,38,aya23
wmt24-literary,en-cs,10,aya23
wmt24-literary,en-cs,11,aya23
wmt24-literary,en-cs,70,aya23
wmt24-literary,en-cs,32,claude-3-5
wmt24-literary,en-cs,38,claude-3-5
wmt24-literary,en-cs,20,claude-3-5
wmt24-literary,en-cs,24,claude-3-5
wmt24-literary,en-cs,50,claude-3-5
wmt24-literary,en-cs,52,claude-3-5
wmt24-literary,en-cs,58,claude-3-5
wmt24-literary,en-cs,10,claude-3-5
wmt24-literary,en-cs,11,claude-3-5
wmt24-literary,en-cs,70,claude-3-5
wmt24-literary,en-cs,20,commandr-plus
wmt24-literary,en-cs,24,commandr-plus
wmt24-literary,en-cs,32,commandr-plus
wmt24-literary,en-cs,38,commandr-plus
wmt24-literary,en-cs,50,commandr-plus
wmt24-literary,en-cs,52,commandr-plus
wmt24-literary,en-cs,58,commandr-plus
wmt24-literary,en-cs,10,commandr-plus
wmt24-literary,en-cs,11,commandr-plus
wmt24-literary,en-cs,70,commandr-plus
wmt24-literary,en-cs,20,cuni-doctransformer
wmt24-literary,en-cs,24,cuni-doctransformer
wmt24-literary,en-cs,32,cuni-doctransformer
wmt24-literary,en-cs,38,cuni-doctransformer
wmt24-literary,en-cs,50,cuni-doctransformer
wmt24-literary,en-cs,52,cuni-doctransformer
wmt24-literary,en-cs,58,cuni-doctransformer
wmt24-literary,en-cs,10,cuni-doctransformer
wmt24-literary,en-cs,11,cuni-doctransformer
wmt24-literary,en-cs,70,cuni-doctransformer
wmt24-literary,en-cs,20,cuni-ga
wmt24-literary,en-cs,24,cuni-ga
wmt24-literary,en-cs,10,cuni-ga
wmt24-literary,en-cs,11,cuni-ga
wmt24-literary,en-cs,32,cuni-ga
wmt24-literary,en-cs,38,cuni-ga
wmt24-literary,en-cs,50,cuni-ga
wmt24-literary,en-cs,52,cuni-ga
wmt24-literary,en-cs,58,cuni-ga
wmt24-literary,en-cs,70,cuni-ga
wmt24-literary,en-cs,10,cuni-mh
wmt24-literary,en-cs,11,cuni-mh
wmt24-literary,en-cs,20,cuni-mh
wmt24-literary,en-cs,24,cuni-mh
wmt24-literary,en-cs,32,cuni-mh
wmt24-literary,en-cs,38,cuni-mh
wmt24-literary,en-cs,50,cuni-mh
wmt24-literary,en-cs,52,cuni-mh
wmt24-literary,en-cs,58,cuni-mh
wmt24-literary,en-cs,70,cuni-mh
wmt24-literary,en-cs,50,gemini-1-5-pro
wmt24-literary,en-cs,52,gemini-1-5-pro
wmt24-literary,en-cs,58,gemini-1-5-pro
wmt24-literary,en-cs,10,gemini-1-5-pro
wmt24-literary,en-cs,11,gemini-1-5-pro
wmt24-literary,en-cs,20,gemini-1-5-pro
wmt24-literary,en-cs,24,gemini-1-5-pro
wmt24-literary,en-cs,32,gemini-1-5-pro
wmt24-literary,en-cs,38,gemini-1-5-pro
wmt24-literary,en-cs,70,gemini-1-5-pro
wmt24-literary,en-cs,20,gpt-4
wmt24-literary,en-cs,24,gpt-4
wmt24-literary,en-cs,10,gpt-4
wmt24-literary,en-cs,11,gpt-4
wmt24-literary,en-cs,50,gpt-4
wmt24-literary,en-cs,52,gpt-4
wmt24-literary,en-cs,58,gpt-4
wmt24-literary,en-cs,32,gpt-4
wmt24-literary,en-cs,38,gpt-4
wmt24-literary,en-cs,70,gpt-4
wmt24-literary,en-cs,50,ikun
wmt24-literary,en-cs,52,ikun
wmt24-literary,en-cs,58,ikun
wmt24-literary,en-cs,20,ikun
wmt24-literary,en-cs,24,ikun
wmt24-literary,en-cs,10,ikun
wmt24-literary,en-cs,11,ikun
wmt24-literary,en-cs,32,ikun
wmt24-literary,en-cs,38,ikun
wmt24-literary,en-cs,70,ikun
wmt24-literary,en-cs,20,ikun-c
wmt24-literary,en-cs,24,ikun-c
wmt24-literary,en-cs,50,ikun-c
wmt24-literary,en-cs,52,ikun-c
wmt24-literary,en-cs,58,ikun-c
wmt24-literary,en-cs,10,ikun-c
wmt24-literary,en-cs,11,ikun-c
wmt24-literary,en-cs,32,ikun-c
wmt24-literary,en-cs,38,ikun-c
wmt24-literary,en-cs,70,ikun-c
wmt24-literary,en-cs,20,iol-research
wmt24-literary,en-cs,24,iol-research
wmt24-literary,en-cs,32,iol-research
wmt24-literary,en-cs,38,iol-research
wmt24-literary,en-cs,50,iol-research
wmt24-literary,en-cs,52,iol-research
wmt24-literary,en-cs,58,iol-research
wmt24-literary,en-cs,10,iol-research
wmt24-literary,en-cs,11,iol-research
wmt24-literary,en-cs,70,iol-research
wmt24-literary,en-cs,10,llama3-70b
wmt24-literary,en-cs,11,llama3-70b
wmt24-literary,en-cs,50,llama3-70b
wmt24-literary,en-cs,52,llama3-70b
wmt24-literary,en-cs,58,llama3-70b
wmt24-literary,en-cs,38,llama3-70b
wmt24-literary,en-cs,32,llama3-70b
wmt24-literary,en-cs,20,llama3-70b
wmt24-literary,en-cs,24,llama3-70b
wmt24-literary,en-cs,70,llama3-70b
wmt24-literary,en-cs,10,online-w
wmt24-literary,en-cs,11,online-w
wmt24-literary,en-cs,32,online-w
wmt24-literary,en-cs,38,online-w
wmt24-literary,en-cs,20,online-w
wmt24-literary,en-cs,24,online-w
wmt24-literary,en-cs,50,online-w
wmt24-literary,en-cs,52,online-w
wmt24-literary,en-cs,58,online-w
wmt24-literary,en-cs,20,scir-mt
wmt24-literary,en-cs,24,scir-mt
wmt24-literary,en-cs,10,scir-mt
wmt24-literary,en-cs,11,scir-mt
wmt24-literary,en-cs,50,scir-mt
wmt24-literary,en-cs,52,scir-mt
wmt24-literary,en-cs,58,scir-mt
wmt24-literary,en-cs,32,scir-mt
wmt24-literary,en-cs,38,scir-mt
wmt24-literary,en-cs,70,scir-mt
wmt24-literary,en-cs,32,unbabel-tower70b
wmt24-literary,en-cs,38,unbabel-tower70b
wmt24-literary,en-cs,10,unbabel-tower70b
wmt24-literary,en-cs,11,unbabel-tower70b
wmt24-literary,en-cs,50,unbabel-tower70b
wmt24-literary,en-cs,52,unbabel-tower70b
wmt24-literary,en-cs,58,unbabel-tower70b
wmt24-literary,en-cs,20,unbabel-tower70b
wmt24-literary,en-cs,24,unbabel-tower70b
wmt24-literary,en-cs,70,unbabel-tower70b
wmt24-literary,en-es,1,claude-3-5
wmt24-literary,en-es,5,claude-3-5
wmt24-literary,en-es,59,claude-3-5
wmt24-literary,en-es,40,claude-3-5
wmt24-literary,en-es,45,claude-3-5
wmt24-literary,en-es,18,claude-3-5
wmt24-literary,en-es,31,claude-3-5
wmt24-literary,en-es,33,claude-3-5
wmt24-literary,en-es,34,claude-3-5
wmt24-literary,en-es,70,claude-3-5
wmt24-literary,en-es,40,commandr-plus
wmt24-literary,en-es,45,commandr-plus
wmt24-literary,en-es,18,commandr-plus
wmt24-literary,en-es,59,commandr-plus
wmt24-literary,en-es,1,commandr-plus
wmt24-literary,en-es,5,commandr-plus
wmt24-literary,en-es,31,commandr-plus
wmt24-literary,en-es,33,commandr-plus
wmt24-literary,en-es,34,commandr-plus
wmt24-literary,en-es,70,commandr-plus
wmt24-literary,en-es,18,dubformer
wmt24-literary,en-es,1,dubformer
wmt24-literary,en-es,5,dubformer
wmt24-literary,en-es,31,dubformer
wmt24-literary,en-es,33,dubformer
wmt24-literary,en-es,34,dubformer
wmt24-literary,en-es,59,dubformer
wmt24-literary,en-es,40,dubformer
wmt24-literary,en-es,45,dubformer
wmt24-literary,en-es,70,dubformer
wmt24-literary,en-es,40,gemini-1-5-pro
wmt24-literary,en-es,45,gemini-1-5-pro
wmt24-literary,en-es,18,gemini-1-5-pro
wmt24-literary,en-es,31,gemini-1-5-pro
wmt24-literary,en-es,33,gemini-1-5-pro
wmt24-literary,en-es,34,gemini-1-5-pro
wmt24-literary,en-es,59,gemini-1-5-pro
wmt24-literary,en-es,1,gemini-1-5-pro
wmt24-literary,en-es,5,gemini-1-5-pro
wmt24-literary,en-es,70,gemini-1-5-pro
wmt24-literary,en-es,59,gpt-4
wmt24-literary,en-es,40,gpt-4
wmt24-literary,en-es,45,gpt-4
wmt24-literary,en-es,1,gpt-4
wmt24-literary,en-es,5,gpt-4
wmt24-literary,en-es,31,gpt-4
wmt24-literary,en-es,33,gpt-4
wmt24-literary,en-es,34,gpt-4
wmt24-literary,en-es,18,gpt-4
wmt24-literary,en-es,70,gpt-4
wmt24-literary,en-es,18,ikun
wmt24-literary,en-es,40,ikun
wmt24-literary,en-es,45,ikun
wmt24-literary,en-es,59,ikun
wmt24-literary,en-es,31,ikun
wmt24-literary,en-es,33,ikun
wmt24-literary,en-es,34,ikun
wmt24-literary,en-es,1,ikun
wmt24-literary,en-es,5,ikun
wmt24-literary,en-es,70,ikun
wmt24-literary,en-es,1,ikun-c
wmt24-literary,en-es,5,ikun-c
wmt24-literary,en-es,18,ikun-c
wmt24-literary,en-es,59,ikun-c
wmt24-literary,en-es,40,ikun-c
wmt24-literary,en-es,45,ikun-c
wmt24-literary,en-es,31,ikun-c
wmt24-literary,en-es,33,ikun-c
wmt24-literary,en-es,34,ikun-c
wmt24-literary,en-es,70,ikun-c
wmt24-literary,en-es,40,iol-research
wmt24-literary,en-es,45,iol-research
wmt24-literary,en-es,31,iol-research
wmt24-literary,en-es,33,iol-research
wmt24-literary,en-es,34,iol-research
wmt24-literary,en-es,18,iol-research
wmt24-literary,en-es,59,iol-research
wmt24-literary,en-es,1,iol-research
wmt24-literary,en-es,5,iol-research
wmt24-literary,en-es,70,iol-research
wmt24-literary,en-es,31,llama3-70b
wmt24-literary,en-es,33,llama3-70b
wmt24-literary,en-es,34,llama3-70b
wmt24-literary,en-es,1,llama3-70b
wmt24-literary,en-es,5,llama3-70b
wmt24-literary,en-es,18,llama3-70b
wmt24-literary,en-es,59,llama3-70b
wmt24-literary,en-es,40,llama3-70b
wmt24-literary,en-es,45,llama3-70b
wmt24-literary,en-es,70,llama3-70b
wmt24-literary,en-es,18,mistral-large
wmt24-literary,en-es,40,mistral-large
wmt24-literary,en-es,45,mistral-large
wmt24-literary,en-es,59,mistral-large
wmt24-literary,en-es,1,mistral-large
wmt24-literary,en-es,5,mistral-large
wmt24-literary,en-es,31,mistral-large
wmt24-literary,en-es,33,mistral-large
wmt24-literary,en-es,34,mistral-large
wmt24-literary,en-es,70,mistral-large
wmt24-literary,en-es,18,mslc
wmt24-literary,en-es,40,mslc
wmt24-literary,en-es,45,mslc
wmt24-literary,en-es,59,mslc
wmt24-literary,en-es,31,mslc
wmt24-literary,en-es,33,mslc
wmt24-literary,en-es,34,mslc
wmt24-literary,en-es,1,mslc
wmt24-literary,en-es,5,mslc
wmt24-literary,en-es,70,mslc
wmt24-literary,en-es,18,online-b
wmt24-literary,en-es,1,online-b
wmt24-literary,en-es,5,online-b
wmt24-literary,en-es,40,online-b
wmt24-literary,en-es,45,online-b
wmt24-literary,en-es,31,online-b
wmt24-literary,en-es,33,online-b
wmt24-literary,en-es,34,online-b
wmt24-literary,en-es,59,online-b
wmt24-literary,en-es,70,online-b
wmt24-literary,en-es,40,unbabel-tower70b
wmt24-literary,en-es,45,unbabel-tower70b
wmt24-literary,en-es,18,unbabel-tower70b
wmt24-literary,en-es,59,unbabel-tower70b
wmt24-literary,en-es,31,unbabel-tower70b
wmt24-literary,en-es,33,unbabel-tower70b
wmt24-literary,en-es,34,unbabel-tower70b
wmt24-literary,en-es,1,unbabel-tower70b
wmt24-literary,en-es,5,unbabel-tower70b
wmt24-literary,en-es,70,unbabel-tower70b
wmt24-literary,en-hi,16,aya23
wmt24-literary,en-hi,17,aya23
wmt24-literary,en-hi,19,aya23
wmt24-literary,en-hi,22,aya23
wmt24-literary,en-hi,23,aya23
wmt24-literary,en-hi,40,aya23
wmt24-literary,en-hi,48,aya23
wmt24-literary,en-hi,54,aya23
wmt24-literary,en-hi,70,aya23
wmt24-literary,en-hi,65,aya23
wmt24-literary,en-hi,22,claude-3-5
wmt24-literary,en-hi,23,claude-3-5
wmt24-literary,en-hi,40,claude-3-5
wmt24-literary,en-hi,48,claude-3-5
wmt24-literary,en-hi,54,claude-3-5
wmt24-literary,en-hi,16,claude-3-5
wmt24-literary,en-hi,17,claude-3-5
wmt24-literary,en-hi,19,claude-3-5
wmt24-literary,en-hi,70,claude-3-5
wmt24-literary,en-hi,65,claude-3-5
wmt24-literary,en-hi,40,gemini-1-5-pro
wmt24-literary,en-hi,48,gemini-1-5-pro
wmt24-literary,en-hi,54,gemini-1-5-pro
wmt24-literary,en-hi,16,gemini-1-5-pro
wmt24-literary,en-hi,17,gemini-1-5-pro
wmt24-literary,en-hi,19,gemini-1-5-pro
wmt24-literary,en-hi,22,gemini-1-5-pro
wmt24-literary,en-hi,23,gemini-1-5-pro
wmt24-literary,en-hi,70,gemini-1-5-pro
wmt24-literary,en-hi,65,gemini-1-5-pro
wmt24-literary,en-hi,16,gpt-4
wmt24-literary,en-hi,17,gpt-4
wmt24-literary,en-hi,19,gpt-4
wmt24-literary,en-hi,22,gpt-4
wmt24-literary,en-hi,23,gpt-4
wmt24-literary,en-hi,54,gpt-4
wmt24-literary,en-hi,40,gpt-4
wmt24-literary,en-hi,48,gpt-4
wmt24-literary,en-hi,70,gpt-4
wmt24-literary,en-hi,65,gpt-4
wmt24-literary,en-hi,16,ikun-c
wmt24-literary,en-hi,17,ikun-c
wmt24-literary,en-hi,19,ikun-c
wmt24-literary,en-hi,22,ikun-c
wmt24-literary,en-hi,23,ikun-c
wmt24-literary,en-hi,40,ikun-c
wmt24-literary,en-hi,48,ikun-c
wmt24-literary,en-hi,54,ikun-c
wmt24-literary,en-hi,65,ikun-c
wmt24-literary,en-hi,70,ikun-c
wmt24-literary,en-hi,22,iol-research
wmt24-literary,en-hi,23,iol-research
wmt24-literary,en-hi,40,iol-research
wmt24-literary,en-hi,48,iol-research
wmt24-literary,en-hi,54,iol-research
wmt24-literary,en-hi,16,iol-research
wmt24-literary,en-hi,19,iol-research
wmt24-literary,en-hi,17,iol-research
wmt24-literary,en-hi,65,iol-research
wmt24-literary,en-hi,70,iol-research
wmt24-literary,en-hi,22,llama3-70b
wmt24-literary,en-hi,23,llama3-70b
wmt24-literary,en-hi,40,llama3-70b
wmt24-literary,en-hi,48,llama3-70b
wmt24-literary,en-hi,16,llama3-70b
wmt24-literary,en-hi,17,llama3-70b
wmt24-literary,en-hi,19,llama3-70b
wmt24-literary,en-hi,54,llama3-70b
wmt24-literary,en-hi,70,llama3-70b
wmt24-literary,en-hi,65,llama3-70b
wmt24-literary,en-hi,22,online-b
wmt24-literary,en-hi,23,online-b
wmt24-literary,en-hi,40,online-b
wmt24-literary,en-hi,48,online-b
wmt24-literary,en-hi,54,online-b
wmt24-literary,en-hi,16,online-b
wmt24-literary,en-hi,17,online-b
wmt24-literary,en-hi,19,online-b
wmt24-literary,en-hi,70,online-b
wmt24-literary,en-hi,65,online-b
wmt24-literary,en-hi,40,transsionmt
wmt24-literary,en-hi,48,transsionmt
wmt24-literary,en-hi,16,transsionmt
wmt24-literary,en-hi,17,transsionmt
wmt24-literary,en-hi,19,transsionmt
wmt24-literary,en-hi,54,transsionmt
wmt24-literary,en-hi,22,transsionmt
wmt24-literary,en-hi,23,transsionmt
wmt24-literary,en-hi,70,transsionmt
wmt24-literary,en-hi,65,transsionmt
wmt24-literary,en-hi,22,unbabel-tower70b
wmt24-literary,en-hi,23,unbabel-tower70b
wmt24-literary,en-hi,40,unbabel-tower70b
wmt24-literary,en-hi,48,unbabel-tower70b
wmt24-literary,en-hi,54,unbabel-tower70b
wmt24-literary,en-hi,16,unbabel-tower70b
wmt24-literary,en-hi,17,unbabel-tower70b
wmt24-literary,en-hi,19,unbabel-tower70b
wmt24-literary,en-hi,70,unbabel-tower70b
wmt24-literary,en-hi,65,unbabel-tower70b
wmt24-literary,en-is,9,ami
wmt24-literary,en-is,32,ami
wmt24-literary,en-is,34,ami
wmt24-literary,en-is,14,ami
wmt24-literary,en-is,53,ami
wmt24-literary,en-is,23,ami
wmt24-literary,en-is,24,ami
wmt24-literary,en-is,70,ami
wmt24-literary,en-is,73,ami
wmt24-literary,en-is,62,ami
wmt24-literary,en-is,32,claude-3-5
wmt24-literary,en-is,34,claude-3-5
wmt24-literary,en-is,53,claude-3-5
wmt24-literary,en-is,23,claude-3-5
wmt24-literary,en-is,24,claude-3-5
wmt24-literary,en-is,14,claude-3-5
wmt24-literary,en-is,9,claude-3-5
wmt24-literary,en-is,70,claude-3-5
wmt24-literary,en-is,73,claude-3-5
wmt24-literary,en-is,62,claude-3-5
wmt24-literary,en-is,14,dubformer
wmt24-literary,en-is,23,dubformer
wmt24-literary,en-is,24,dubformer
wmt24-literary,en-is,9,dubformer
wmt24-literary,en-is,32,dubformer
wmt24-literary,en-is,34,dubformer
wmt24-literary,en-is,53,dubformer
wmt24-literary,en-is,62,dubformer
wmt24-literary,en-is,70,dubformer
wmt24-literary,en-is,73,dubformer
wmt24-literary,en-is,14,gpt-4
wmt24-literary,en-is,32,gpt-4
wmt24-literary,en-is,34,gpt-4
wmt24-literary,en-is,23,gpt-4
wmt24-literary,en-is,24,gpt-4
wmt24-literary,en-is,9,gpt-4
wmt24-literary,en-is,53,gpt-4
wmt24-literary,en-is,62,gpt-4
wmt24-literary,en-is,70,gpt-4
wmt24-literary,en-is,73,gpt-4
wmt24-literary,en-is,32,ikun
wmt24-literary,en-is,34,ikun
wmt24-literary,en-is,23,ikun
wmt24-literary,en-is,24,ikun
wmt24-literary,en-is,14,ikun
wmt24-literary,en-is,53,ikun
wmt24-literary,en-is,9,ikun
wmt24-literary,en-is,62,ikun
wmt24-literary,en-is,70,ikun
wmt24-literary,en-is,73,ikun
wmt24-literary,en-is,14,ikun-c
wmt24-literary,en-is,53,ikun-c
wmt24-literary,en-is,9,ikun-c
wmt24-literary,en-is,23,ikun-c
wmt24-literary,en-is,24,ikun-c
wmt24-literary,en-is,32,ikun-c
wmt24-literary,en-is,34,ikun-c
wmt24-literary,en-is,62,ikun-c
wmt24-literary,en-is,70,ikun-c
wmt24-literary,en-is,73,ikun-c
wmt24-literary,en-is,23,iol-research
wmt24-literary,en-is,24,iol-research
wmt24-literary,en-is,14,iol-research
wmt24-literary,en-is,32,iol-research
wmt24-literary,en-is,34,iol-research
wmt24-literary,en-is,53,iol-research
wmt24-literary,en-is,9,iol-research
wmt24-literary,en-is,70,iol-research
wmt24-literary,en-is,73,iol-research
wmt24-literary,en-is,62,iol-research
wmt24-literary,en-is,23,llama3-70b
wmt24-literary,en-is,24,llama3-70b
wmt24-literary,en-is,53,llama3-70b
wmt24-literary,en-is,14,llama3-70b
wmt24-literary,en-is,32,llama3-70b
wmt24-literary,en-is,34,llama3-70b
wmt24-literary,en-is,9,llama3-70b
wmt24-literary,en-is,70,llama3-70b
wmt24-literary,en-is,73,llama3-70b
wmt24-literary,en-is,62,llama3-70b
wmt24-literary,en-is,23,online-b
wmt24-literary,en-is,24,online-b
wmt24-literary,en-is,9,online-b
wmt24-literary,en-is,32,online-b
wmt24-literary,en-is,34,online-b
wmt24-literary,en-is,53,online-b
wmt24-literary,en-is,14,online-b
wmt24-literary,en-is,62,online-b
wmt24-literary,en-is,73,online-b
wmt24-literary,en-is,70,online-b
wmt24-literary,en-is,23,unbabel-tower70b
wmt24-literary,en-is,24,unbabel-tower70b
wmt24-literary,en-is,14,unbabel-tower70b
wmt24-literary,en-is,32,unbabel-tower70b
wmt24-literary,en-is,34,unbabel-tower70b
wmt24-literary,en-is,9,unbabel-tower70b
wmt24-literary,en-is,53,unbabel-tower70b
wmt24-literary,en-is,62,unbabel-tower70b
wmt24-literary,en-is,70,unbabel-tower70b
wmt24-literary,en-is,73,unbabel-tower70b
wmt24-literary,en-ja,47,aya23
wmt24-literary,en-ja,13,aya23
wmt24-literary,en-ja,14,aya23
wmt24-literary,en-ja,48,aya23
wmt24-literary,en-ja,52,aya23
wmt24-literary,en-ja,31,aya23
wmt24-literary,en-ja,34,aya23
wmt24-literary,en-ja,6,aya23
wmt24-literary,en-ja,8,aya23
wmt24-literary,en-ja,67,aya23
wmt24-literary,en-ja,47,claude-3-5
wmt24-literary,en-ja,6,claude-3-5
wmt24-literary,en-ja,8,claude-3-5
wmt24-literary,en-ja,48,claude-3-5
wmt24-literary,en-ja,52,claude-3-5
wmt24-literary,en-ja,13,claude-3-5
wmt24-literary,en-ja,14,claude-3-5
wmt24-literary,en-ja,31,claude-3-5
wmt24-literary,en-ja,34,claude-3-5
wmt24-literary,en-ja,67,claude-3-5
wmt24-literary,en-ja,6,commandr-plus
wmt24-literary,en-ja,8,commandr-plus
wmt24-literary,en-ja,47,commandr-plus
wmt24-literary,en-ja,13,commandr-plus
wmt24-literary,en-ja,14,commandr-plus
wmt24-literary,en-ja,31,commandr-plus
wmt24-literary,en-ja,34,commandr-plus
wmt24-literary,en-ja,48,commandr-plus
wmt24-literary,en-ja,52,commandr-plus
wmt24-literary,en-ja,67,commandr-plus
wmt24-literary,en-ja,13,gemini-1-5-pro
wmt24-literary,en-ja,14,gemini-1-5-pro
wmt24-literary,en-ja,31,gemini-1-5-pro
wmt24-literary,en-ja,34,gemini-1-5-pro
wmt24-literary,en-ja,48,gemini-1-5-pro
wmt24-literary,en-ja,52,gemini-1-5-pro
wmt24-literary,en-ja,8,gemini-1-5-pro
wmt24-literary,en-ja,6,gemini-1-5-pro
wmt24-literary,en-ja,47,gemini-1-5-pro
wmt24-literary,en-ja,67,gemini-1-5-pro
wmt24-literary,en-ja,31,gpt-4
wmt24-literary,en-ja,34,gpt-4
wmt24-literary,en-ja,47,gpt-4
wmt24-literary,en-ja,6,gpt-4
wmt24-literary,en-ja,8,gpt-4
wmt24-literary,en-ja,13,gpt-4
wmt24-literary,en-ja,14,gpt-4
wmt24-literary,en-ja,48,gpt-4
wmt24-literary,en-ja,52,gpt-4
wmt24-literary,en-ja,67,gpt-4
wmt24-literary,en-ja,13,ikun-c
wmt24-literary,en-ja,14,ikun-c
wmt24-literary,en-ja,31,ikun-c
wmt24-literary,en-ja,34,ikun-c
wmt24-literary,en-ja,48,ikun-c
wmt24-literary,en-ja,52,ikun-c
wmt24-literary,en-ja,6,ikun-c
wmt24-literary,en-ja,8,ikun-c
wmt24-literary,en-ja,47,ikun-c
wmt24-literary,en-ja,67,ikun-c
wmt24-literary,en-ja,48,iol-research
wmt24-literary,en-ja,52,iol-research
wmt24-literary,en-ja,34,iol-research
wmt24-literary,en-ja,31,iol-research
wmt24-literary,en-ja,13,iol-research
wmt24-literary,en-ja,14,iol-research
wmt24-literary,en-ja,47,iol-research
wmt24-literary,en-ja,6,iol-research
wmt24-literary,en-ja,8,iol-research
wmt24-literary,en-ja,67,iol-research
wmt24-literary,en-ja,6,llama3-70b
wmt24-literary,en-ja,8,llama3-70b
wmt24-literary,en-ja,13,llama3-70b
wmt24-literary,en-ja,14,llama3-70b
wmt24-literary,en-ja,47,llama3-70b
wmt24-literary,en-ja,31,llama3-70b
wmt24-literary,en-ja,34,llama3-70b
wmt24-literary,en-ja,48,llama3-70b
wmt24-literary,en-ja,52,llama3-70b
wmt24-literary,en-ja,67,llama3-70b
wmt24-literary,en-ja,31,nttsu
wmt24-literary,en-ja,34,nttsu
wmt24-literary,en-ja,6,nttsu
wmt24-literary,en-ja,8,nttsu
wmt24-literary,en-ja,47,nttsu
wmt24-literary,en-ja,48,nttsu
wmt24-literary,en-ja,52,nttsu
wmt24-literary,en-ja,13,nttsu
wmt24-literary,en-ja,14,nttsu
wmt24-literary,en-ja,67,nttsu
wmt24-literary,en-ja,47,online-b
wmt24-literary,en-ja,48,online-b
wmt24-literary,en-ja,52,online-b
wmt24-literary,en-ja,31,online-b
wmt24-literary,en-ja,34,online-b
wmt24-literary,en-ja,6,online-b
wmt24-literary,en-ja,8,online-b
wmt24-literary,en-ja,13,online-b
wmt24-literary,en-ja,14,online-b
wmt24-literary,en-ja,67,online-b
wmt24-literary,en-ja,6,team-j
wmt24-literary,en-ja,8,team-j
wmt24-literary,en-ja,13,team-j
wmt24-literary,en-ja,14,team-j
wmt24-literary,en-ja,31,team-j
wmt24-literary,en-ja,34,team-j
wmt24-literary,en-ja,48,team-j
wmt24-literary,en-ja,52,team-j
wmt24-literary,en-ja,47,team-j
wmt24-literary,en-ja,67,team-j
wmt24-literary,en-ja,6,unbabel-tower70b
wmt24-literary,en-ja,8,unbabel-tower70b
wmt24-literary,en-ja,47,unbabel-tower70b
wmt24-literary,en-ja,13,unbabel-tower70b
wmt24-literary,en-ja,14,unbabel-tower70b
wmt24-literary,en-ja,48,unbabel-tower70b
wmt24-literary,en-ja,52,unbabel-tower70b
wmt24-literary,en-ja,31,unbabel-tower70b
wmt24-literary,en-ja,34,unbabel-tower70b
wmt24-literary,en-ja,67,unbabel-tower70b
wmt24-literary,en-ru,31,aya23
wmt24-literary,en-ru,40,aya23
wmt24-literary,en-ru,47,aya23
wmt24-literary,en-ru,26,aya23
wmt24-literary,en-ru,50,aya23
wmt24-literary,en-ru,4,aya23
wmt24-literary,en-ru,7,aya23
wmt24-literary,en-ru,74,aya23
wmt24-literary,en-ru,78,aya23
wmt24-literary,en-ru,60,aya23
wmt24-literary,en-ru,40,claude-3-5
wmt24-literary,en-ru,47,claude-3-5
wmt24-literary,en-ru,26,claude-3-5
wmt24-literary,en-ru,4,claude-3-5
wmt24-literary,en-ru,7,claude-3-5
wmt24-literary,en-ru,50,claude-3-5
wmt24-literary,en-ru,31,claude-3-5
wmt24-literary,en-ru,60,claude-3-5
wmt24-literary,en-ru,74,claude-3-5
wmt24-literary,en-ru,78,claude-3-5
wmt24-literary,en-ru,50,commandr-plus
wmt24-literary,en-ru,31,commandr-plus
wmt24-literary,en-ru,4,commandr-plus
wmt24-literary,en-ru,7,commandr-plus
wmt24-literary,en-ru,40,commandr-plus
wmt24-literary,en-ru,47,commandr-plus
wmt24-literary,en-ru,26,commandr-plus
wmt24-literary,en-ru,60,commandr-plus
wmt24-literary,en-ru,74,commandr-plus
wmt24-literary,en-ru,78,commandr-plus
wmt24-literary,en-ru,50,dubformer
wmt24-literary,en-ru,26,dubformer
wmt24-literary,en-ru,31,dubformer
wmt24-literary,en-ru,40,dubformer
wmt24-literary,en-ru,47,dubformer
wmt24-literary,en-ru,4,dubformer
wmt24-literary,en-ru,7,dubformer
wmt24-literary,en-ru,74,dubformer
wmt24-literary,en-ru,78,dubformer
wmt24-literary,en-ru,60,dubformer
wmt24-literary,en-ru,4,gemini-1-5-pro
wmt24-literary,en-ru,7,gemini-1-5-pro
wmt24-literary,en-ru,50,gemini-1-5-pro
wmt24-literary,en-ru,40,gemini-1-5-pro
wmt24-literary,en-ru,47,gemini-1-5-pro
wmt24-literary,en-ru,31,gemini-1-5-pro
wmt24-literary,en-ru,26,gemini-1-5-pro
wmt24-literary,en-ru,60,gemini-1-5-pro
wmt24-literary,en-ru,74,gemini-1-5-pro
wmt24-literary,en-ru,78,gemini-1-5-pro
wmt24-literary,en-ru,40,gpt-4
wmt24-literary,en-ru,47,gpt-4
wmt24-literary,en-ru,4,gpt-4
wmt24-literary,en-ru,7,gpt-4
wmt24-literary,en-ru,31,gpt-4
wmt24-literary,en-ru,26,gpt-4
wmt24-literary,en-ru,50,gpt-4
wmt24-literary,en-ru,60,gpt-4
wmt24-literary,en-ru,74,gpt-4
wmt24-literary,en-ru,78,gpt-4
wmt24-literary,en-ru,4,ikun
wmt24-literary,en-ru,7,ikun
wmt24-literary,en-ru,26,ikun
wmt24-literary,en-ru,31,ikun
wmt24-literary,en-ru,50,ikun
wmt24-literary,en-ru,40,ikun
wmt24-literary,en-ru,47,ikun
wmt24-literary,en-ru,60,ikun
wmt24-literary,en-ru,74,ikun
wmt24-literary,en-ru,78,ikun
wmt24-literary,en-ru,26,ikun-c
wmt24-literary,en-ru,4,ikun-c
wmt24-literary,en-ru,7,ikun-c
wmt24-literary,en-ru,47,ikun-c
wmt24-literary,en-ru,40,ikun-c
wmt24-literary,en-ru,50,ikun-c
wmt24-literary,en-ru,31,ikun-c
wmt24-literary,en-ru,74,ikun-c
wmt24-literary,en-ru,78,ikun-c
wmt24-literary,en-ru,60,ikun-c
wmt24-literary,en-ru,40,iol-research
wmt24-literary,en-ru,47,iol-research
wmt24-literary,en-ru,50,iol-research
wmt24-literary,en-ru,26,iol-research
wmt24-literary,en-ru,31,iol-research
wmt24-literary,en-ru,4,iol-research
wmt24-literary,en-ru,7,iol-research
wmt24-literary,en-ru,74,iol-research
wmt24-literary,en-ru,78,iol-research
wmt24-literary,en-ru,60,iol-research
wmt24-literary,en-ru,4,llama3-70b
wmt24-literary,en-ru,7,llama3-70b
wmt24-literary,en-ru,40,llama3-70b
wmt24-literary,en-ru,47,llama3-70b
wmt24-literary,en-ru,26,llama3-70b
wmt24-literary,en-ru,50,llama3-70b
wmt24-literary,en-ru,31,llama3-70b
wmt24-literary,en-ru,60,llama3-70b
wmt24-literary,en-ru,74,llama3-70b
wmt24-literary,en-ru,78,llama3-70b
wmt24-literary,en-ru,31,online-g
wmt24-literary,en-ru,4,online-g
wmt24-literary,en-ru,7,online-g
wmt24-literary,en-ru,50,online-g
wmt24-literary,en-ru,40,online-g
wmt24-literary,en-ru,47,online-g
wmt24-literary,en-ru,26,online-g
wmt24-literary,en-ru,74,online-g
wmt24-literary,en-ru,78,online-g
wmt24-literary,en-ru,60,online-g
wmt24-literary,en-ru,31,unbabel-tower70b
wmt24-literary,en-ru,50,unbabel-tower70b
wmt24-literary,en-ru,26,unbabel-tower70b
wmt24-literary,en-ru,4,unbabel-tower70b
wmt24-literary,en-ru,7,unbabel-tower70b
wmt24-literary,en-ru,40,unbabel-tower70b
wmt24-literary,en-ru,47,unbabel-tower70b
wmt24-literary,en-ru,60,unbabel-tower70b
wmt24-literary,en-ru,74,unbabel-tower70b
wmt24-literary,en-ru,78,unbabel-tower70b
wmt24-literary,en-ru,31,yandex
wmt24-literary,en-ru,50,yandex
wmt24-literary,en-ru,40,yandex
wmt24-literary,en-ru,47,yandex
wmt24-literary,en-ru,4,yandex
wmt24-literary,en-ru,7,yandex
wmt24-literary,en-ru,26,yandex
wmt24-literary,en-ru,60,yandex
wmt24-literary,en-ru,74,yandex
wmt24-literary,en-ru,78,yandex
wmt24-literary,en-uk,25,claude-3-5
wmt24-literary,en-uk,43,claude-3-5
wmt24-literary,en-uk,44,claude-3-5
wmt24-literary,en-uk,9,claude-3-5
wmt24-literary,en-uk,16,claude-3-5
wmt24-literary,en-uk,56,claude-3-5
wmt24-literary,en-uk,62,claude-3-5
wmt24-literary,en-uk,63,claude-3-5
wmt24-literary,en-uk,70,claude-3-5
wmt24-literary,en-uk,78,claude-3-5
wmt24-literary,en-uk,9,commandr-plus
wmt24-literary,en-uk,16,commandr-plus
wmt24-literary,en-uk,25,commandr-plus
wmt24-literary,en-uk,43,commandr-plus
wmt24-literary,en-uk,44,commandr-plus
wmt24-literary,en-uk,56,commandr-plus
wmt24-literary,en-uk,62,commandr-plus
wmt24-literary,en-uk,63,commandr-plus
wmt24-literary,en-uk,70,commandr-plus
wmt24-literary,en-uk,78,commandr-plus
wmt24-literary,en-uk,16,dubformer
wmt24-literary,en-uk,25,dubformer
wmt24-literary,en-uk,56,dubformer
wmt24-literary,en-uk,43,dubformer
wmt24-literary,en-uk,44,dubformer
wmt24-literary,en-uk,9,dubformer
wmt24-literary,en-uk,70,dubformer
wmt24-literary,en-uk,78,dubformer
wmt24-literary,en-uk,62,dubformer
wmt24-literary,en-uk,63,dubformer
wmt24-literary,en-uk,56,gemini-1-5-pro
wmt24-literary,en-uk,43,gemini-1-5-pro
wmt24-literary,en-uk,44,gemini-1-5-pro
wmt24-literary,en-uk,25,gemini-1-5-pro
wmt24-literary,en-uk,9,gemini-1-5-pro
wmt24-literary,en-uk,16,gemini-1-5-pro
wmt24-literary,en-uk,70,gemini-1-5-pro
wmt24-literary,en-uk,78,gemini-1-5-pro
wmt24-literary,en-uk,62,gemini-1-5-pro
wmt24-literary,en-uk,63,gemini-1-5-pro
wmt24-literary,en-uk,43,gpt-4
wmt24-literary,en-uk,44,gpt-4
wmt24-literary,en-uk,16,gpt-4
wmt24-literary,en-uk,25,gpt-4
wmt24-literary,en-uk,9,gpt-4
wmt24-literary,en-uk,56,gpt-4
wmt24-literary,en-uk,62,gpt-4
wmt24-literary,en-uk,63,gpt-4
wmt24-literary,en-uk,70,gpt-4
wmt24-literary,en-uk,78,gpt-4
wmt24-literary,en-uk,43,ikun
wmt24-literary,en-uk,44,ikun
wmt24-literary,en-uk,16,ikun
wmt24-literary,en-uk,56,ikun
wmt24-literary,en-uk,25,ikun
wmt24-literary,en-uk,9,ikun
wmt24-literary,en-uk,70,ikun
wmt24-literary,en-uk,78,ikun
wmt24-literary,en-uk,62,ikun
wmt24-literary,en-uk,63,ikun
wmt24-literary,en-uk,56,ikun-c
wmt24-literary,en-uk,43,ikun-c
wmt24-literary,en-uk,44,ikun-c
wmt24-literary,en-uk,16,ikun-c
wmt24-literary,en-uk,9,ikun-c
wmt24-literary,en-uk,25,ikun-c
wmt24-literary,en-uk,70,ikun-c
wmt24-literary,en-uk,78,ikun-c
wmt24-literary,en-uk,62,ikun-c
wmt24-literary,en-uk,63,ikun-c
wmt24-literary,en-uk,16,iol-research
wmt24-literary,en-uk,9,iol-research
wmt24-literary,en-uk,43,iol-research
wmt24-literary,en-uk,44,iol-research
wmt24-literary,en-uk,25,iol-research
wmt24-literary,en-uk,56,iol-research
wmt24-literary,en-uk,62,iol-research
wmt24-literary,en-uk,63,iol-research
wmt24-literary,en-uk,70,iol-research
wmt24-literary,en-uk,78,iol-research
wmt24-literary,en-uk,25,online-w
wmt24-literary,en-uk,16,online-w
wmt24-literary,en-uk,43,online-w
wmt24-literary,en-uk,44,online-w
wmt24-literary,en-uk,9,online-w
wmt24-literary,en-uk,56,online-w
wmt24-literary,en-uk,62,online-w
wmt24-literary,en-uk,63,online-w
wmt24-literary,en-uk,70,online-w
wmt24-literary,en-uk,78,online-w
wmt24-literary,en-uk,25,unbabel-tower70b
wmt24-literary,en-uk,43,unbabel-tower70b
wmt24-literary,en-uk,44,unbabel-tower70b
wmt24-literary,en-uk,16,unbabel-tower70b
wmt24-literary,en-uk,9,unbabel-tower70b
wmt24-literary,en-uk,56,unbabel-tower70b
wmt24-literary,en-uk,62,unbabel-tower70b
wmt24-literary,en-uk,63,unbabel-tower70b
wmt24-literary,en-uk,70,unbabel-tower70b
wmt24-literary,en-uk,78,unbabel-tower70b
wmt24-literary,en-zh,40,aya23
wmt24-literary,en-zh,43,aya23
wmt24-literary,en-zh,49,aya23
wmt24-literary,en-zh,2,aya23
wmt24-literary,en-zh,5,aya23
wmt24-literary,en-zh,25,aya23
wmt24-literary,en-zh,61,aya23
wmt24-literary,en-zh,71,aya23
wmt24-literary,en-zh,76,aya23
wmt24-literary,en-zh,78,aya23
wmt24-literary,en-zh,25,claude-3-5
wmt24-literary,en-zh,2,claude-3-5
wmt24-literary,en-zh,5,claude-3-5
wmt24-literary,en-zh,40,claude-3-5
wmt24-literary,en-zh,43,claude-3-5
wmt24-literary,en-zh,49,claude-3-5
wmt24-literary,en-zh,61,claude-3-5
wmt24-literary,en-zh,71,claude-3-5
wmt24-literary,en-zh,76,claude-3-5
wmt24-literary,en-zh,78,claude-3-5
wmt24-literary,en-zh,2,commandr-plus
wmt24-literary,en-zh,5,commandr-plus
wmt24-literary,en-zh,25,commandr-plus
wmt24-literary,en-zh,40,commandr-plus
wmt24-literary,en-zh,43,commandr-plus
wmt24-literary,en-zh,49,commandr-plus
wmt24-literary,en-zh,61,commandr-plus
wmt24-literary,en-zh,71,commandr-plus
wmt24-literary,en-zh,76,commandr-plus
wmt24-literary,en-zh,78,commandr-plus
wmt24-literary,en-zh,2,gemini-1-5-pro
wmt24-literary,en-zh,5,gemini-1-5-pro
wmt24-literary,en-zh,40,gemini-1-5-pro
wmt24-literary,en-zh,43,gemini-1-5-pro
wmt24-literary,en-zh,49,gemini-1-5-pro
wmt24-literary,en-zh,25,gemini-1-5-pro
wmt24-literary,en-zh,71,gemini-1-5-pro
wmt24-literary,en-zh,76,gemini-1-5-pro
wmt24-literary,en-zh,78,gemini-1-5-pro
wmt24-literary,en-zh,61,gemini-1-5-pro
wmt24-literary,en-zh,40,gpt-4
wmt24-literary,en-zh,43,gpt-4
wmt24-literary,en-zh,49,gpt-4
wmt24-literary,en-zh,25,gpt-4
wmt24-literary,en-zh,2,gpt-4
wmt24-literary,en-zh,5,gpt-4
wmt24-literary,en-zh,61,gpt-4
wmt24-literary,en-zh,71,gpt-4
wmt24-literary,en-zh,76,gpt-4
wmt24-literary,en-zh,78,gpt-4
wmt24-literary,en-zh,2,hw-tsc
wmt24-literary,en-zh,5,hw-tsc
wmt24-literary,en-zh,25,hw-tsc
wmt24-literary,en-zh,40,hw-tsc
wmt24-literary,en-zh,43,hw-tsc
wmt24-literary,en-zh,49,hw-tsc
wmt24-literary,en-zh,71,hw-tsc
wmt24-literary,en-zh,76,hw-tsc
wmt24-literary,en-zh,78,hw-tsc
wmt24-literary,en-zh,61,hw-tsc
wmt24-literary,en-zh,25,ikun
wmt24-literary,en-zh,40,ikun
wmt24-literary,en-zh,43,ikun
wmt24-literary,en-zh,49,ikun
wmt24-literary,en-zh,2,ikun
wmt24-literary,en-zh,5,ikun
wmt24-literary,en-zh,61,ikun
wmt24-literary,en-zh,71,ikun
wmt24-literary,en-zh,76,ikun
wmt24-literary,en-zh,78,ikun
wmt24-literary,en-zh,40,ikun-c
wmt24-literary,en-zh,43,ikun-c
wmt24-literary,en-zh,49,ikun-c
wmt24-literary,en-zh,2,ikun-c
wmt24-literary,en-zh,5,ikun-c
wmt24-literary,en-zh,25,ikun-c
wmt24-literary,en-zh,61,ikun-c
wmt24-literary,en-zh,71,ikun-c
wmt24-literary,en-zh,76,ikun-c
wmt24-literary,en-zh,78,ikun-c
wmt24-literary,en-zh,25,iol-research
wmt24-literary,en-zh,40,iol-research
wmt24-literary,en-zh,43,iol-research
wmt24-literary,en-zh,49,iol-research
wmt24-literary,en-zh,5,iol-research
wmt24-literary,en-zh,2,iol-research
wmt24-literary,en-zh,61,iol-research
wmt24-literary,en-zh,71,iol-research
wmt24-literary,en-zh,76,iol-research
wmt24-literary,en-zh,78,iol-research
wmt24-literary,en-zh,40,llama3-70b
wmt24-literary,en-zh,43,llama3-70b
wmt24-literary,en-zh,49,llama3-70b
wmt24-literary,en-zh,25,llama3-70b
wmt24-literary,en-zh,2,llama3-70b
wmt24-literary,en-zh,5,llama3-70b
wmt24-literary,en-zh,71,llama3-70b
wmt24-literary,en-zh,76,llama3-70b
wmt24-literary,en-zh,78,llama3-70b
wmt24-literary,en-zh,61,llama3-70b
wmt24-literary,en-zh,25,online-b
wmt24-literary,en-zh,2,online-b
wmt24-literary,en-zh,5,online-b
wmt24-literary,en-zh,40,online-b
wmt24-literary,en-zh,43,online-b
wmt24-literary,en-zh,49,online-b
wmt24-literary,en-zh,71,online-b
wmt24-literary,en-zh,76,online-b
wmt24-literary,en-zh,78,online-b
wmt24-literary,en-zh,61,online-b
wmt24-literary,en-zh,25,unbabel-tower70b
wmt24-literary,en-zh,2,unbabel-tower70b
wmt24-literary,en-zh,5,unbabel-tower70b
wmt24-literary,en-zh,40,unbabel-tower70b
wmt24-literary,en-zh,43,unbabel-tower70b
wmt24-literary,en-zh,49,unbabel-tower70b
wmt24-literary,en-zh,61,unbabel-tower70b
wmt24-literary,en-zh,71,unbabel-tower70b
wmt24-literary,en-zh,76,unbabel-tower70b
wmt24-literary,en-zh,78,unbabel-tower70b
wmt24-news,en-cs,48,aya23
wmt24-news,en-cs,27,aya23
wmt24-news,en-cs,120,aya23
wmt24-news,en-cs,78,aya23
wmt24-news,en-cs,90,aya23
wmt24-news,en-cs,103,aya23
wmt24-news,en-cs,112,aya23
wmt24-news,en-cs,114,aya23
wmt24-news,en-cs,129,aya23
wmt24-news,en-cs,135,aya23
wmt24-news,en-cs,27,claude-3-5
wmt24-news,en-cs,48,claude-3-5
wmt24-news,en-cs,129,claude-3-5
wmt24-news,en-cs,135,claude-3-5
wmt24-news,en-cs,112,claude-3-5
wmt24-news,en-cs,114,claude-3-5
wmt24-news,en-cs,120,claude-3-5
wmt24-news,en-cs,78,claude-3-5
wmt24-news,en-cs,90,claude-3-5
wmt24-news,en-cs,103,claude-3-5
wmt24-news,en-cs,48,commandr-plus
wmt24-news,en-cs,27,commandr-plus
wmt24-news,en-cs,129,commandr-plus
wmt24-news,en-cs,135,commandr-plus
wmt24-news,en-cs,112,commandr-plus
wmt24-news,en-cs,114,commandr-plus
wmt24-news,en-cs,78,commandr-plus
wmt24-news,en-cs,90,commandr-plus
wmt24-news,en-cs,103,commandr-plus
wmt24-news,en-cs,120,commandr-plus
wmt24-news,en-cs,48,cuni-doctransformer
wmt24-news,en-cs,27,cuni-doctransformer
wmt24-news,en-cs,112,cuni-doctransformer
wmt24-news,en-cs,114,cuni-doctransformer
wmt24-news,en-cs,78,cuni-doctransformer
wmt24-news,en-cs,90,cuni-doctransformer
wmt24-news,en-cs,120,cuni-doctransformer
wmt24-news,en-cs,129,cuni-doctransformer
wmt24-news,en-cs,135,cuni-doctransformer
wmt24-news,en-cs,103,cuni-doctransformer
wmt24-news,en-cs,27,cuni-ga
wmt24-news,en-cs,48,cuni-ga
wmt24-news,en-cs,120,cuni-ga
wmt24-news,en-cs,129,cuni-ga
wmt24-news,en-cs,135,cuni-ga
wmt24-news,en-cs,103,cuni-ga
wmt24-news,en-cs,112,cuni-ga
wmt24-news,en-cs,114,cuni-ga
wmt24-news,en-cs,78,cuni-ga
wmt24-news,en-cs,90,cuni-ga
wmt24-news,en-cs,48,cuni-mh
wmt24-news,en-cs,27,cuni-mh
wmt24-news,en-cs,78,cuni-mh
wmt24-news,en-cs,90,cuni-mh
wmt24-news,en-cs,103,cuni-mh
wmt24-news,en-cs,112,cuni-mh
wmt24-news,en-cs,114,cuni-mh
wmt24-news,en-cs,129,cuni-mh
wmt24-news,en-cs,135,cuni-mh
wmt24-news,en-cs,120,cuni-mh
wmt24-news,en-cs,27,gemini-1-5-pro
wmt24-news,en-cs,48,gemini-1-5-pro
wmt24-news,en-cs,78,gemini-1-5-pro
wmt24-news,en-cs,90,gemini-1-5-pro
wmt24-news,en-cs,112,gemini-1-5-pro
wmt24-news,en-cs,114,gemini-1-5-pro
wmt24-news,en-cs,120,gemini-1-5-pro
wmt24-news,en-cs,129,gemini-1-5-pro
wmt24-news,en-cs,135,gemini-1-5-pro
wmt24-news,en-cs,103,gemini-1-5-pro
wmt24-news,en-cs,27,gpt-4
wmt24-news,en-cs,48,gpt-4
wmt24-news,en-cs,103,gpt-4
wmt24-news,en-cs,112,gpt-4
wmt24-news,en-cs,114,gpt-4
wmt24-news,en-cs,120,gpt-4
wmt24-news,en-cs,129,gpt-4
wmt24-news,en-cs,135,gpt-4
wmt24-news,en-cs,78,gpt-4
wmt24-news,en-cs,90,gpt-4
wmt24-news,en-cs,48,ikun
wmt24-news,en-cs,27,ikun
wmt24-news,en-cs,112,ikun
wmt24-news,en-cs,114,ikun
wmt24-news,en-cs,78,ikun
wmt24-news,en-cs,90,ikun
wmt24-news,en-cs,129,ikun
wmt24-news,en-cs,135,ikun
wmt24-news,en-cs,103,ikun
wmt24-news,en-cs,120,ikun
wmt24-news,en-cs,48,ikun-c
wmt24-news,en-cs,27,ikun-c
wmt24-news,en-cs,120,ikun-c
wmt24-news,en-cs,112,ikun-c
wmt24-news,en-cs,114,ikun-c
wmt24-news,en-cs,103,ikun-c
wmt24-news,en-cs,78,ikun-c
wmt24-news,en-cs,90,ikun-c
wmt24-news,en-cs,129,ikun-c
wmt24-news,en-cs,135,ikun-c
wmt24-news,en-cs,27,iol-research
wmt24-news,en-cs,48,iol-research
wmt24-news,en-cs,103,iol-research
wmt24-news,en-cs,78,iol-research
wmt24-news,en-cs,90,iol-research
wmt24-news,en-cs,120,iol-research
wmt24-news,en-cs,112,iol-research
wmt24-news,en-cs,114,iol-research
wmt24-news,en-cs,129,iol-research
wmt24-news,en-cs,135,iol-research
wmt24-news,en-cs,27,llama3-70b
wmt24-news,en-cs,48,llama3-70b
wmt24-news,en-cs,112,llama3-70b
wmt24-news,en-cs,114,llama3-70b
wmt24-news,en-cs,129,llama3-70b
wmt24-news,en-cs,135,llama3-70b
wmt24-news,en-cs,120,llama3-70b
wmt24-news,en-cs,103,llama3-70b
wmt24-news,en-cs,78,llama3-70b
wmt24-news,en-cs,90,llama3-70b
wmt24-news,en-cs,27,online-w
wmt24-news,en-cs,48,online-w
wmt24-news,en-cs,112,online-w
wmt24-news,en-cs,114,online-w
wmt24-news,en-cs,129,online-w
wmt24-news,en-cs,135,online-w
wmt24-news,en-cs,120,online-w
wmt24-news,en-cs,78,online-w
wmt24-news,en-cs,90,online-w
wmt24-news,en-cs,103,online-w
wmt24-news,en-cs,27,scir-mt
wmt24-news,en-cs,48,scir-mt
wmt24-news,en-cs,120,scir-mt
wmt24-news,en-cs,112,scir-mt
wmt24-news,en-cs,114,scir-mt
wmt24-news,en-cs,78,scir-mt
wmt24-news,en-cs,90,scir-mt
wmt24-news,en-cs,103,scir-mt
wmt24-news,en-cs,135,scir-mt
wmt24-news,en-cs,129,scir-mt
wmt24-news,en-cs,48,unbabel-tower70b
wmt24-news,en-cs,27,unbabel-tower70b
wmt24-news,en-cs,78,unbabel-tower70b
wmt24-news,en-cs,90,unbabel-tower70b
wmt24-news,en-cs,112,unbabel-tower70b
wmt24-news,en-cs,114,unbabel-tower70b
wmt24-news,en-cs,103,unbabel-tower70b
wmt24-news,en-cs,129,unbabel-tower70b
wmt24-news,en-cs,135,unbabel-tower70b
wmt24-news,en-cs,120,unbabel-tower70b
wmt24-news,en-es,35,claude-3-5
wmt24-news,en-es,58,claude-3-5
wmt24-news,en-es,11,claude-3-5
wmt24-news,en-es,12,claude-3-5
wmt24-news,en-es,45,claude-3-5
wmt24-news,en-es,106,claude-3-5
wmt24-news,en-es,109,claude-3-5
wmt24-news,en-es,112,claude-3-5
wmt24-news,en-es,93,claude-3-5
wmt24-news,en-es,124,claude-3-5
wmt24-news,en-es,45,commandr-plus
wmt24-news,en-es,58,commandr-plus
wmt24-news,en-es,11,commandr-plus
wmt24-news,en-es,12,commandr-plus
wmt24-news,en-es,35,commandr-plus
wmt24-news,en-es,106,commandr-plus
wmt24-news,en-es,109,commandr-plus
wmt24-news,en-es,124,commandr-plus
wmt24-news,en-es,112,commandr-plus
wmt24-news,en-es,93,commandr-plus
wmt24-news,en-es,11,dubformer
wmt24-news,en-es,12,dubformer
wmt24-news,en-es,58,dubformer
wmt24-news,en-es,35,dubformer
wmt24-news,en-es,45,dubformer
wmt24-news,en-es,106,dubformer
wmt24-news,en-es,109,dubformer
wmt24-news,en-es,93,dubformer
wmt24-news,en-es,112,dubformer
wmt24-news,en-es,124,dubformer
wmt24-news,en-es,45,gemini-1-5-pro
wmt24-news,en-es,58,gemini-1-5-pro
wmt24-news,en-es,35,gemini-1-5-pro
wmt24-news,en-es,11,gemini-1-5-pro
wmt24-news,en-es,12,gemini-1-5-pro
wmt24-news,en-es,93,gemini-1-5-pro
wmt24-news,en-es,112,gemini-1-5-pro
wmt24-news,en-es,124,gemini-1-5-pro
wmt24-news,en-es,106,gemini-1-5-pro
wmt24-news,en-es,109,gemini-1-5-pro
wmt24-news,en-es,58,gpt-4
wmt24-news,en-es,11,gpt-4
wmt24-news,en-es,12,gpt-4
wmt24-news,en-es,35,gpt-4
wmt24-news,en-es,45,gpt-4
wmt24-news,en-es,124,gpt-4
wmt24-news,en-es,93,gpt-4
wmt24-news,en-es,106,gpt-4
wmt24-news,en-es,109,gpt-4
wmt24-news,en-es,112,gpt-4
wmt24-news,en-es,45,ikun
wmt24-news,en-es,11,ikun
wmt24-news,en-es,12,ikun
wmt24-news,en-es,35,ikun
wmt24-news,en-es,58,ikun
wmt24-news,en-es,93,ikun
wmt24-news,en-es,124,ikun
wmt24-news,en-es,106,ikun
wmt24-news,en-es,109,ikun
wmt24-news,en-es,112,ikun
wmt24-news,en-es,35,ikun-c
wmt24-news,en-es,58,ikun-c
wmt24-news,en-es,45,ikun-c
wmt24-news,en-es,11,ikun-c
wmt24-news,en-es,12,ikun-c
wmt24-news,en-es,112,ikun-c
wmt24-news,en-es,106,ikun-c
wmt24-news,en-es,109,ikun-c
wmt24-news,en-es,93,ikun-c
wmt24-news,en-es,124,ikun-c
wmt24-news,en-es,11,iol-research
wmt24-news,en-es,12,iol-research
wmt24-news,en-es,45,iol-research
wmt24-news,en-es,35,iol-research
wmt24-news,en-es,58,iol-research
wmt24-news,en-es,112,iol-research
wmt24-news,en-es,93,iol-research
wmt24-news,en-es,124,iol-research
wmt24-news,en-es,106,iol-research
wmt24-news,en-es,109,iol-research
wmt24-news,en-es,58,llama3-70b
wmt24-news,en-es,35,llama3-70b
wmt24-news,en-es,11,llama3-70b
wmt24-news,en-es,12,llama3-70b
wmt24-news,en-es,45,llama3-70b
wmt24-news,en-es,93,llama3-70b
wmt24-news,en-es,112,llama3-70b
wmt24-news,en-es,106,llama3-70b
wmt24-news,en-es,109,llama3-70b
wmt24-news,en-es,124,llama3-70b
wmt24-news,en-es,58,mistral-large
wmt24-news,en-es,11,mistral-large
wmt24-news,en-es,12,mistral-large
wmt24-news,en-es,45,mistral-large
wmt24-news,en-es,35,mistral-large
wmt24-news,en-es,93,mistral-large
wmt24-news,en-es,124,mistral-large
wmt24-news,en-es,106,mistral-large
wmt24-news,en-es,109,mistral-large
wmt24-news,en-es,112,mistral-large
wmt24-news,en-es,35,mslc
wmt24-news,en-es,45,mslc
wmt24-news,en-es,11,mslc
wmt24-news,en-es,12,mslc
wmt24-news,en-es,58,mslc
wmt24-news,en-es,106,mslc
wmt24-news,en-es,109,mslc
wmt24-news,en-es,93,mslc
wmt24-news,en-es,124,mslc
wmt24-news,en-es,112,mslc
wmt24-news,en-es,11,online-b
wmt24-news,en-es,12,online-b
wmt24-news,en-es,58,online-b
wmt24-news,en-es,35,online-b
wmt24-news,en-es,45,online-b
wmt24-news,en-es,93,online-b
wmt24-news,en-es,124,online-b
wmt24-news,en-es,112,online-b
wmt24-news,en-es,106,online-b
wmt24-news,en-es,109,online-b
wmt24-news,en-es,58,unbabel-tower70b
wmt24-news,en-es,45,unbabel-tower70b
wmt24-news,en-es,35,unbabel-tower70b
wmt24-news,en-es,11,unbabel-tower70b
wmt24-news,en-es,12,unbabel-tower70b
wmt24-news,en-es,93,unbabel-tower70b
wmt24-news,en-es,124,unbabel-tower70b
wmt24-news,en-es,112,unbabel-tower70b
wmt24-news,en-es,106,unbabel-tower70b
wmt24-news,en-es,109,unbabel-tower70b
wmt24-news,en-hi,6,aya23
wmt24-news,en-hi,20,aya23
wmt24-news,en-hi,24,aya23
wmt24-news,en-hi,41,aya23
wmt24-news,en-hi,71,aya23
wmt24-news,en-hi,77,aya23
wmt24-news,en-hi,64,aya23
wmt24-news,en-hi,13,aya23
wmt24-news,en-hi,122,aya23
wmt24-news,en-hi,110,aya23
wmt24-news,en-hi,64,claude-3-5
wmt24-news,en-hi,13,claude-3-5
wmt24-news,en-hi,6,claude-3-5
wmt24-news,en-hi,71,claude-3-5
wmt24-news,en-hi,77,claude-3-5
wmt24-news,en-hi,20,claude-3-5
wmt24-news,en-hi,24,claude-3-5
wmt24-news,en-hi,41,claude-3-5
wmt24-news,en-hi,122,claude-3-5
wmt24-news,en-hi,110,claude-3-5
wmt24-news,en-hi,20,gemini-1-5-pro
wmt24-news,en-hi,24,gemini-1-5-pro
wmt24-news,en-hi,6,gemini-1-5-pro
wmt24-news,en-hi,13,gemini-1-5-pro
wmt24-news,en-hi,41,gemini-1-5-pro
wmt24-news,en-hi,71,gemini-1-5-pro
wmt24-news,en-hi,77,gemini-1-5-pro
wmt24-news,en-hi,64,gemini-1-5-pro
wmt24-news,en-hi,110,gemini-1-5-pro
wmt24-news,en-hi,122,gemini-1-5-pro
wmt24-news,en-hi,13,gpt-4
wmt24-news,en-hi,20,gpt-4
wmt24-news,en-hi,24,gpt-4
wmt24-news,en-hi,71,gpt-4
wmt24-news,en-hi,77,gpt-4
wmt24-news,en-hi,41,gpt-4
wmt24-news,en-hi,6,gpt-4
wmt24-news,en-hi,64,gpt-4
wmt24-news,en-hi,122,gpt-4
wmt24-news,en-hi,110,gpt-4
wmt24-news,en-hi,6,ikun-c
wmt24-news,en-hi,13,ikun-c
wmt24-news,en-hi,64,ikun-c
wmt24-news,en-hi,41,ikun-c
wmt24-news,en-hi,20,ikun-c
wmt24-news,en-hi,24,ikun-c
wmt24-news,en-hi,71,ikun-c
wmt24-news,en-hi,77,ikun-c
wmt24-news,en-hi,122,ikun-c
wmt24-news,en-hi,110,ikun-c
wmt24-news,en-hi,41,iol-research
wmt24-news,en-hi,13,iol-research
wmt24-news,en-hi,20,iol-research
wmt24-news,en-hi,24,iol-research
wmt24-news,en-hi,71,iol-research
wmt24-news,en-hi,77,iol-research
wmt24-news,en-hi,64,iol-research
wmt24-news,en-hi,6,iol-research
wmt24-news,en-hi,110,iol-research
wmt24-news,en-hi,122,iol-research
wmt24-news,en-hi,64,llama3-70b
wmt24-news,en-hi,6,llama3-70b
wmt24-news,en-hi,13,llama3-70b
wmt24-news,en-hi,71,llama3-70b
wmt24-news,en-hi,77,llama3-70b
wmt24-news,en-hi,20,llama3-70b
wmt24-news,en-hi,24,llama3-70b
wmt24-news,en-hi,41,llama3-70b
wmt24-news,en-hi,122,llama3-70b
wmt24-news,en-hi,110,llama3-70b
wmt24-news,en-hi,41,online-b
wmt24-news,en-hi,6,online-b
wmt24-news,en-hi,71,online-b
wmt24-news,en-hi,77,online-b
wmt24-news,en-hi,13,online-b
wmt24-news,en-hi,64,online-b
wmt24-news,en-hi,20,online-b
wmt24-news,en-hi,24,online-b
wmt24-news,en-hi,110,online-b
wmt24-news,en-hi,122,online-b
wmt24-news,en-hi,20,transsionmt
wmt24-news,en-hi,24,transsionmt
wmt24-news,en-hi,13,transsionmt
wmt24-news,en-hi,41,transsionmt
wmt24-news,en-hi,6,transsionmt
wmt24-news,en-hi,71,transsionmt
wmt24-news,en-hi,77,transsionmt
wmt24-news,en-hi,64,transsionmt
wmt24-news,en-hi,110,transsionmt
wmt24-news,en-hi,122,transsionmt
wmt24-news,en-hi,41,unbabel-tower70b
wmt24-news,en-hi,20,unbabel-tower70b
wmt24-news,en-hi,24,unbabel-tower70b
wmt24-news,en-hi,6,unbabel-tower70b
wmt24-news,en-hi,64,unbabel-tower70b
wmt24-news,en-hi,71,unbabel-tower70b
wmt24-news,en-hi,77,unbabel-tower70b
wmt24-news,en-hi,13,unbabel-tower70b
wmt24-news,en-hi,122,unbabel-tower70b
wmt24-news,en-hi,110,unbabel-tower70b
wmt24-news,en-is,23,ami
wmt24-news,en-is,56,ami
wmt24-news,en-is,66,ami
wmt24-news,en-is,29,ami
wmt24-news,en-is,30,ami
wmt24-news,en-is,32,ami
wmt24-news,en-is,104,ami
wmt24-news,en-is,124,ami
wmt24-news,en-is,91,ami
wmt24-news,en-is,111,ami
wmt24-news,en-is,23,claude-3-5
wmt24-news,en-is,29,claude-3-5
wmt24-news,en-is,30,claude-3-5
wmt24-news,en-is,32,claude-3-5
wmt24-news,en-is,56,claude-3-5
wmt24-news,en-is,66,claude-3-5
wmt24-news,en-is,91,claude-3-5
wmt24-news,en-is,104,claude-3-5
wmt24-news,en-is,111,claude-3-5
wmt24-news,en-is,124,claude-3-5
wmt24-news,en-is,29,dubformer
wmt24-news,en-is,30,dubformer
wmt24-news,en-is,32,dubformer
wmt24-news,en-is,66,dubformer
wmt24-news,en-is,23,dubformer
wmt24-news,en-is,56,dubformer
wmt24-news,en-is,104,dubformer
wmt24-news,en-is,91,dubformer
wmt24-news,en-is,124,dubformer
wmt24-news,en-is,111,dubformer
wmt24-news,en-is,29,gpt-4
wmt24-news,en-is,30,gpt-4
wmt24-news,en-is,32,gpt-4
wmt24-news,en-is,23,gpt-4
wmt24-news,en-is,56,gpt-4
wmt24-news,en-is,66,gpt-4
wmt24-news,en-is,91,gpt-4
wmt24-news,en-is,111,gpt-4
wmt24-news,en-is,104,gpt-4
wmt24-news,en-is,124,gpt-4
wmt24-news,en-is,29,ikun
wmt24-news,en-is,30,ikun
wmt24-news,en-is,32,ikun
wmt24-news,en-is,23,ikun
wmt24-news,en-is,66,ikun
wmt24-news,en-is,56,ikun
wmt24-news,en-is,111,ikun
wmt24-news,en-is,104,ikun
wmt24-news,en-is,91,ikun
wmt24-news,en-is,124,ikun
wmt24-news,en-is,56,ikun-c
wmt24-news,en-is,23,ikun-c
wmt24-news,en-is,29,ikun-c
wmt24-news,en-is,30,ikun-c
wmt24-news,en-is,32,ikun-c
wmt24-news,en-is,66,ikun-c
wmt24-news,en-is,104,ikun-c
wmt24-news,en-is,91,ikun-c
wmt24-news,en-is,111,ikun-c
wmt24-news,en-is,124,ikun-c
wmt24-news,en-is,66,iol-research
wmt24-news,en-is,23,iol-research
wmt24-news,en-is,56,iol-research
wmt24-news,en-is,29,iol-research
wmt24-news,en-is,30,iol-research
wmt24-news,en-is,32,iol-research
wmt24-news,en-is,124,iol-research
wmt24-news,en-is,111,iol-research
wmt24-news,en-is,104,iol-research
wmt24-news,en-is,91,iol-research
wmt24-news,en-is,23,llama3-70b
wmt24-news,en-is,66,llama3-70b
wmt24-news,en-is,29,llama3-70b
wmt24-news,en-is,30,llama3-70b
wmt24-news,en-is,32,llama3-70b
wmt24-news,en-is,56,llama3-70b
wmt24-news,en-is,104,llama3-70b
wmt24-news,en-is,124,llama3-70b
wmt24-news,en-is,91,llama3-70b
wmt24-news,en-is,111,llama3-70b
wmt24-news,en-is,23,online-b
wmt24-news,en-is,29,online-b
wmt24-news,en-is,30,online-b
wmt24-news,en-is,32,online-b
wmt24-news,en-is,66,online-b
wmt24-news,en-is,56,online-b
wmt24-news,en-is,124,online-b
wmt24-news,en-is,111,online-b
wmt24-news,en-is,104,online-b
wmt24-news,en-is,91,online-b
wmt24-news,en-is,29,unbabel-tower70b
wmt24-news,en-is,30,unbabel-tower70b
wmt24-news,en-is,32,unbabel-tower70b
wmt24-news,en-is,66,unbabel-tower70b
wmt24-news,en-is,56,unbabel-tower70b
wmt24-news,en-is,23,unbabel-tower70b
wmt24-news,en-is,91,unbabel-tower70b
wmt24-news,en-is,104,unbabel-tower70b
wmt24-news,en-is,124,unbabel-tower70b
wmt24-news,en-is,111,unbabel-tower70b
wmt24-news,en-ja,5,aya23
wmt24-news,en-ja,27,aya23
wmt24-news,en-ja,37,aya23
wmt24-news,en-ja,39,aya23
wmt24-news,en-ja,56,aya23
wmt24-news,en-ja,10,aya23
wmt24-news,en-ja,68,aya23
wmt24-news,en-ja,101,aya23
wmt24-news,en-ja,108,aya23
wmt24-news,en-ja,125,aya23
wmt24-news,en-ja,27,claude-3-5
wmt24-news,en-ja,5,claude-3-5
wmt24-news,en-ja,37,claude-3-5
wmt24-news,en-ja,39,claude-3-5
wmt24-news,en-ja,68,claude-3-5
wmt24-news,en-ja,10,claude-3-5
wmt24-news,en-ja,56,claude-3-5
wmt24-news,en-ja,101,claude-3-5
wmt24-news,en-ja,108,claude-3-5
wmt24-news,en-ja,125,claude-3-5
wmt24-news,en-ja,56,commandr-plus
wmt24-news,en-ja,27,commandr-plus
wmt24-news,en-ja,68,commandr-plus
wmt24-news,en-ja,10,commandr-plus
wmt24-news,en-ja,37,commandr-plus
wmt24-news,en-ja,39,commandr-plus
wmt24-news,en-ja,5,commandr-plus
wmt24-news,en-ja,125,commandr-plus
wmt24-news,en-ja,101,commandr-plus
wmt24-news,en-ja,108,commandr-plus
wmt24-news,en-ja,37,gemini-1-5-pro
wmt24-news,en-ja,39,gemini-1-5-pro
wmt24-news,en-ja,5,gemini-1-5-pro
wmt24-news,en-ja,56,gemini-1-5-pro
wmt24-news,en-ja,10,gemini-1-5-pro
wmt24-news,en-ja,68,gemini-1-5-pro
wmt24-news,en-ja,27,gemini-1-5-pro
wmt24-news,en-ja,125,gemini-1-5-pro
wmt24-news,en-ja,101,gemini-1-5-pro
wmt24-news,en-ja,108,gemini-1-5-pro
wmt24-news,en-ja,37,gpt-4
wmt24-news,en-ja,39,gpt-4
wmt24-news,en-ja,27,gpt-4
wmt24-news,en-ja,56,gpt-4
wmt24-news,en-ja,5,gpt-4
wmt24-news,en-ja,68,gpt-4
wmt24-news,en-ja,10,gpt-4
wmt24-news,en-ja,101,gpt-4
wmt24-news,en-ja,108,gpt-4
wmt24-news,en-ja,125,gpt-4
wmt24-news,en-ja,10,ikun-c
wmt24-news,en-ja,68,ikun-c
wmt24-news,en-ja,27,ikun-c
wmt24-news,en-ja,5,ikun-c
wmt24-news,en-ja,56,ikun-c
wmt24-news,en-ja,37,ikun-c
wmt24-news,en-ja,39,ikun-c
wmt24-news,en-ja,101,ikun-c
wmt24-news,en-ja,108,ikun-c
wmt24-news,en-ja,125,ikun-c
wmt24-news,en-ja,27,iol-research
wmt24-news,en-ja,56,iol-research
wmt24-news,en-ja,5,iol-research
wmt24-news,en-ja,68,iol-research
wmt24-news,en-ja,37,iol-research
wmt24-news,en-ja,39,iol-research
wmt24-news,en-ja,10,iol-research
wmt24-news,en-ja,101,iol-research
wmt24-news,en-ja,108,iol-research
wmt24-news,en-ja,125,iol-research
wmt24-news,en-ja,37,llama3-70b
wmt24-news,en-ja,39,llama3-70b
wmt24-news,en-ja,68,llama3-70b
wmt24-news,en-ja,27,llama3-70b
wmt24-news,en-ja,56,llama3-70b
wmt24-news,en-ja,10,llama3-70b
wmt24-news,en-ja,5,llama3-70b
wmt24-news,en-ja,101,llama3-70b
wmt24-news,en-ja,108,llama3-70b
wmt24-news,en-ja,125,llama3-70b
wmt24-news,en-ja,56,nttsu
wmt24-news,en-ja,10,nttsu
wmt24-news,en-ja,68,nttsu
wmt24-news,en-ja,5,nttsu
wmt24-news,en-ja,27,nttsu
wmt24-news,en-ja,37,nttsu
wmt24-news,en-ja,39,nttsu
wmt24-news,en-ja,108,nttsu
wmt24-news,en-ja,101,nttsu
wmt24-news,en-ja,125,nttsu
wmt24-news,en-ja,10,online-b
wmt24-news,en-ja,27,online-b
wmt24-news,en-ja,37,online-b
wmt24-news,en-ja,39,online-b
wmt24-news,en-ja,68,online-b
wmt24-news,en-ja,56,online-b
wmt24-news,en-ja,5,online-b
wmt24-news,en-ja,101,online-b
wmt24-news,en-ja,108,online-b
wmt24-news,en-ja,125,online-b
wmt24-news,en-ja,10,team-j
wmt24-news,en-ja,37,team-j
wmt24-news,en-ja,39,team-j
wmt24-news,en-ja,27,team-j
wmt24-news,en-ja,5,team-j
wmt24-news,en-ja,56,team-j
wmt24-news,en-ja,68,team-j
wmt24-news,en-ja,125,team-j
wmt24-news,en-ja,101,team-j
wmt24-news,en-ja,108,team-j
wmt24-news,en-ja,27,unbabel-tower70b
wmt24-news,en-ja,56,unbabel-tower70b
wmt24-news,en-ja,5,unbabel-tower70b
wmt24-news,en-ja,68,unbabel-tower70b
wmt24-news,en-ja,37,unbabel-tower70b
wmt24-news,en-ja,39,unbabel-tower70b
wmt24-news,en-ja,10,unbabel-tower70b
wmt24-news,en-ja,125,unbabel-tower70b
wmt24-news,en-ja,101,unbabel-tower70b
wmt24-news,en-ja,108,unbabel-tower70b
wmt24-news,en-ru,18,aya23
wmt24-news,en-ru,50,aya23
wmt24-news,en-ru,61,aya23
wmt24-news,en-ru,65,aya23
wmt24-news,en-ru,39,aya23
wmt24-news,en-ru,119,aya23
wmt24-news,en-ru,80,aya23
wmt24-news,en-ru,83,aya23
wmt24-news,en-ru,88,aya23
wmt24-news,en-ru,96,aya23
wmt24-news,en-ru,39,claude-3-5
wmt24-news,en-ru,61,claude-3-5
wmt24-news,en-ru,65,claude-3-5
wmt24-news,en-ru,18,claude-3-5
wmt24-news,en-ru,50,claude-3-5
wmt24-news,en-ru,80,claude-3-5
wmt24-news,en-ru,119,claude-3-5
wmt24-news,en-ru,96,claude-3-5
wmt24-news,en-ru,83,claude-3-5
wmt24-news,en-ru,88,claude-3-5
wmt24-news,en-ru,39,commandr-plus
wmt24-news,en-ru,50,commandr-plus
wmt24-news,en-ru,61,commandr-plus
wmt24-news,en-ru,65,commandr-plus
wmt24-news,en-ru,18,commandr-plus
wmt24-news,en-ru,83,commandr-plus
wmt24-news,en-ru,88,commandr-plus
wmt24-news,en-ru,119,commandr-plus
wmt24-news,en-ru,96,commandr-plus
wmt24-news,en-ru,80,commandr-plus
wmt24-news,en-ru,18,dubformer
wmt24-news,en-ru,39,dubformer
wmt24-news,en-ru,50,dubformer
wmt24-news,en-ru,61,dubformer
wmt24-news,en-ru,65,dubformer
wmt24-news,en-ru,96,dubformer
wmt24-news,en-ru,83,dubformer
wmt24-news,en-ru,88,dubformer
wmt24-news,en-ru,80,dubformer
wmt24-news,en-ru,119,dubformer
wmt24-news,en-ru,61,gemini-1-5-pro
wmt24-news,en-ru,65,gemini-1-5-pro
wmt24-news,en-ru,50,gemini-1-5-pro
wmt24-news,en-ru,18,gemini-1-5-pro
wmt24-news,en-ru,39,gemini-1-5-pro
wmt24-news,en-ru,96,gemini-1-5-pro
wmt24-news,en-ru,83,gemini-1-5-pro
wmt24-news,en-ru,88,gemini-1-5-pro
wmt24-news,en-ru,119,gemini-1-5-pro
wmt24-news,en-ru,80,gemini-1-5-pro
wmt24-news,en-ru,50,gpt-4
wmt24-news,en-ru,61,gpt-4
wmt24-news,en-ru,65,gpt-4
wmt24-news,en-ru,39,gpt-4
wmt24-news,en-ru,18,gpt-4
wmt24-news,en-ru,83,gpt-4
wmt24-news,en-ru,88,gpt-4
wmt24-news,en-ru,96,gpt-4
wmt24-news,en-ru,80,gpt-4
wmt24-news,en-ru,119,gpt-4
wmt24-news,en-ru,39,ikun
wmt24-news,en-ru,50,ikun
wmt24-news,en-ru,18,ikun
wmt24-news,en-ru,61,ikun
wmt24-news,en-ru,65,ikun
wmt24-news,en-ru,80,ikun
wmt24-news,en-ru,83,ikun
wmt24-news,en-ru,88,ikun
wmt24-news,en-ru,96,ikun
wmt24-news,en-ru,119,ikun
wmt24-news,en-ru,18,ikun-c
wmt24-news,en-ru,50,ikun-c
wmt24-news,en-ru,61,ikun-c
wmt24-news,en-ru,65,ikun-c
wmt24-news,en-ru,39,ikun-c
wmt24-news,en-ru,83,ikun-c
wmt24-news,en-ru,88,ikun-c
wmt24-news,en-ru,80,ikun-c
wmt24-news,en-ru,96,ikun-c
wmt24-news,en-ru,119,ikun-c
wmt24-news,en-ru,50,iol-research
wmt24-news,en-ru,18,iol-research
wmt24-news,en-ru,39,iol-research
wmt24-news,en-ru,61,iol-research
wmt24-news,en-ru,65,iol-research
wmt24-news,en-ru,80,iol-research
wmt24-news,en-ru,96,iol-research
wmt24-news,en-ru,83,iol-research
wmt24-news,en-ru,88,iol-research
wmt24-news,en-ru,119,iol-research
wmt24-news,en-ru,50,llama3-70b
wmt24-news,en-ru,39,llama3-70b
wmt24-news,en-ru,18,llama3-70b
wmt24-news,en-ru,61,llama3-70b
wmt24-news,en-ru,65,llama3-70b
wmt24-news,en-ru,83,llama3-70b
wmt24-news,en-ru,88,llama3-70b
wmt24-news,en-ru,119,llama3-70b
wmt24-news,en-ru,96,llama3-70b
wmt24-news,en-ru,80,llama3-70b
wmt24-news,en-ru,18,online-g
wmt24-news,en-ru,50,online-g
wmt24-news,en-ru,39,online-g
wmt24-news,en-ru,61,online-g
wmt24-news,en-ru,65,online-g
wmt24-news,en-ru,119,online-g
wmt24-news,en-ru,80,online-g
wmt24-news,en-ru,83,online-g
wmt24-news,en-ru,88,online-g
wmt24-news,en-ru,96,online-g
wmt24-news,en-ru,39,unbabel-tower70b
wmt24-news,en-ru,61,unbabel-tower70b
wmt24-news,en-ru,65,unbabel-tower70b
wmt24-news,en-ru,18,unbabel-tower70b
wmt24-news,en-ru,50,unbabel-tower70b
wmt24-news,en-ru,80,unbabel-tower70b
wmt24-news,en-ru,96,unbabel-tower70b
wmt24-news,en-ru,83,unbabel-tower70b
wmt24-news,en-ru,88,unbabel-tower70b
wmt24-news,en-ru,119,unbabel-tower70b
wmt24-news,en-ru,65,yandex
wmt24-news,en-ru,61,yandex
wmt24-news,en-ru,39,yandex
wmt24-news,en-ru,50,yandex
wmt24-news,en-ru,18,yandex
wmt24-news,en-ru,80,yandex
wmt24-news,en-ru,96,yandex
wmt24-news,en-ru,83,yandex
wmt24-news,en-ru,88,yandex
wmt24-news,en-ru,119,yandex
wmt24-news,en-uk,1,claude-3-5
wmt24-news,en-uk,53,claude-3-5
wmt24-news,en-uk,26,claude-3-5
wmt24-news,en-uk,40,claude-3-5
wmt24-news,en-uk,41,claude-3-5
wmt24-news,en-uk,76,claude-3-5
wmt24-news,en-uk,47,claude-3-5
wmt24-news,en-uk,48,claude-3-5
wmt24-news,en-uk,49,claude-3-5
wmt24-news,en-uk,103,claude-3-5
wmt24-news,en-uk,26,commandr-plus
wmt24-news,en-uk,53,commandr-plus
wmt24-news,en-uk,40,commandr-plus
wmt24-news,en-uk,41,commandr-plus
wmt24-news,en-uk,1,commandr-plus
wmt24-news,en-uk,76,commandr-plus
wmt24-news,en-uk,47,commandr-plus
wmt24-news,en-uk,48,commandr-plus
wmt24-news,en-uk,49,commandr-plus
wmt24-news,en-uk,103,commandr-plus
wmt24-news,en-uk,76,dubformer
wmt24-news,en-uk,47,dubformer
wmt24-news,en-uk,48,dubformer
wmt24-news,en-uk,49,dubformer
wmt24-news,en-uk,1,dubformer
wmt24-news,en-uk,26,dubformer
wmt24-news,en-uk,53,dubformer
wmt24-news,en-uk,40,dubformer
wmt24-news,en-uk,41,dubformer
wmt24-news,en-uk,103,dubformer
wmt24-news,en-uk,47,gemini-1-5-pro
wmt24-news,en-uk,48,gemini-1-5-pro
wmt24-news,en-uk,49,gemini-1-5-pro
wmt24-news,en-uk,1,gemini-1-5-pro
wmt24-news,en-uk,40,gemini-1-5-pro
wmt24-news,en-uk,41,gemini-1-5-pro
wmt24-news,en-uk,26,gemini-1-5-pro
wmt24-news,en-uk,53,gemini-1-5-pro
wmt24-news,en-uk,76,gemini-1-5-pro
wmt24-news,en-uk,103,gemini-1-5-pro
wmt24-news,en-uk,26,gpt-4
wmt24-news,en-uk,47,gpt-4
wmt24-news,en-uk,48,gpt-4
wmt24-news,en-uk,49,gpt-4
wmt24-news,en-uk,53,gpt-4
wmt24-news,en-uk,76,gpt-4
wmt24-news,en-uk,1,gpt-4
wmt24-news,en-uk,40,gpt-4
wmt24-news,en-uk,41,gpt-4
wmt24-news,en-uk,103,gpt-4
wmt24-news,en-uk,40,ikun
wmt24-news,en-uk,41,ikun
wmt24-news,en-uk,1,ikun
wmt24-news,en-uk,26,ikun
wmt24-news,en-uk,76,ikun
wmt24-news,en-uk,47,ikun
wmt24-news,en-uk,48,ikun
wmt24-news,en-uk,49,ikun
wmt24-news,en-uk,53,ikun
wmt24-news,en-uk,103,ikun
wmt24-news,en-uk,40,ikun-c
wmt24-news,en-uk,41,ikun-c
wmt24-news,en-uk,1,ikun-c
wmt24-news,en-uk,47,ikun-c
wmt24-news,en-uk,48,ikun-c
wmt24-news,en-uk,49,ikun-c
wmt24-news,en-uk,53,ikun-c
wmt24-news,en-uk,76,ikun-c
wmt24-news,en-uk,26,ikun-c
wmt24-news,en-uk,103,ikun-c
wmt24-news,en-uk,47,iol-research
wmt24-news,en-uk,48,iol-research
wmt24-news,en-uk,49,iol-research
wmt24-news,en-uk,40,iol-research
wmt24-news,en-uk,41,iol-research
wmt24-news,en-uk,1,iol-research
wmt24-news,en-uk,53,iol-research
wmt24-news,en-uk,76,iol-research
wmt24-news,en-uk,26,iol-research
wmt24-news,en-uk,103,iol-research
wmt24-news,en-uk,1,online-w
wmt24-news,en-uk,40,online-w
wmt24-news,en-uk,41,online-w
wmt24-news,en-uk,53,online-w
wmt24-news,en-uk,76,online-w
wmt24-news,en-uk,26,online-w
wmt24-news,en-uk,47,online-w
wmt24-news,en-uk,48,online-w
wmt24-news,en-uk,49,online-w
wmt24-news,en-uk,103,online-w
wmt24-news,en-uk,1,unbabel-tower70b
wmt24-news,en-uk,40,unbabel-tower70b
wmt24-news,en-uk,41,unbabel-tower70b
wmt24-news,en-uk,53,unbabel-tower70b
wmt24-news,en-uk,26,unbabel-tower70b
wmt24-news,en-uk,76,unbabel-tower70b
wmt24-news,en-uk,47,unbabel-tower70b
wmt24-news,en-uk,48,unbabel-tower70b
wmt24-news,en-uk,49,unbabel-tower70b
wmt24-news,en-uk,103,unbabel-tower70b
wmt24-news,en-zh,7,aya23
wmt24-news,en-zh,54,aya23
wmt24-news,en-zh,46,aya23
wmt24-news,en-zh,27,aya23
wmt24-news,en-zh,77,aya23
wmt24-news,en-zh,108,aya23
wmt24-news,en-zh,125,aya23
wmt24-news,en-zh,86,aya23
wmt24-news,en-zh,95,aya23
wmt24-news,en-zh,102,aya23
wmt24-news,en-zh,46,claude-3-5
wmt24-news,en-zh,27,claude-3-5
wmt24-news,en-zh,54,claude-3-5
wmt24-news,en-zh,77,claude-3-5
wmt24-news,en-zh,7,claude-3-5
wmt24-news,en-zh,95,claude-3-5
wmt24-news,en-zh,102,claude-3-5
wmt24-news,en-zh,108,claude-3-5
wmt24-news,en-zh,86,claude-3-5
wmt24-news,en-zh,125,claude-3-5
wmt24-news,en-zh,27,commandr-plus
wmt24-news,en-zh,54,commandr-plus
wmt24-news,en-zh,46,commandr-plus
wmt24-news,en-zh,77,commandr-plus
wmt24-news,en-zh,7,commandr-plus
wmt24-news,en-zh,108,commandr-plus
wmt24-news,en-zh,86,commandr-plus
wmt24-news,en-zh,125,commandr-plus
wmt24-news,en-zh,95,commandr-plus
wmt24-news,en-zh,102,commandr-plus
wmt24-news,en-zh,7,gemini-1-5-pro
wmt24-news,en-zh,54,gemini-1-5-pro
wmt24-news,en-zh,77,gemini-1-5-pro
wmt24-news,en-zh,46,gemini-1-5-pro
wmt24-news,en-zh,27,gemini-1-5-pro
wmt24-news,en-zh,95,gemini-1-5-pro
wmt24-news,en-zh,102,gemini-1-5-pro
wmt24-news,en-zh,86,gemini-1-5-pro
wmt24-news,en-zh,108,gemini-1-5-pro
wmt24-news,en-zh,125,gemini-1-5-pro
wmt24-news,en-zh,27,gpt-4
wmt24-news,en-zh,7,gpt-4
wmt24-news,en-zh,46,gpt-4
wmt24-news,en-zh,77,gpt-4
wmt24-news,en-zh,54,gpt-4
wmt24-news,en-zh,95,gpt-4
wmt24-news,en-zh,102,gpt-4
wmt24-news,en-zh,86,gpt-4
wmt24-news,en-zh,108,gpt-4
wmt24-news,en-zh,125,gpt-4
wmt24-news,en-zh,54,hw-tsc
wmt24-news,en-zh,46,hw-tsc
wmt24-news,en-zh,77,hw-tsc
wmt24-news,en-zh,27,hw-tsc
wmt24-news,en-zh,7,hw-tsc
wmt24-news,en-zh,86,hw-tsc
wmt24-news,en-zh,108,hw-tsc
wmt24-news,en-zh,95,hw-tsc
wmt24-news,en-zh,102,hw-tsc
wmt24-news,en-zh,125,hw-tsc
wmt24-news,en-zh,27,ikun
wmt24-news,en-zh,77,ikun
wmt24-news,en-zh,54,ikun
wmt24-news,en-zh,46,ikun
wmt24-news,en-zh,7,ikun
wmt24-news,en-zh,108,ikun
wmt24-news,en-zh,95,ikun
wmt24-news,en-zh,102,ikun
wmt24-news,en-zh,86,ikun
wmt24-news,en-zh,125,ikun
wmt24-news,en-zh,46,ikun-c
wmt24-news,en-zh,77,ikun-c
wmt24-news,en-zh,7,ikun-c
wmt24-news,en-zh,54,ikun-c
wmt24-news,en-zh,27,ikun-c
wmt24-news,en-zh,86,ikun-c
wmt24-news,en-zh,125,ikun-c
wmt24-news,en-zh,108,ikun-c
wmt24-news,en-zh,95,ikun-c
wmt24-news,en-zh,102,ikun-c
wmt24-news,en-zh,46,iol-research
wmt24-news,en-zh,27,iol-research
wmt24-news,en-zh,77,iol-research
wmt24-news,en-zh,54,iol-research
wmt24-news,en-zh,7,iol-research
wmt24-news,en-zh,86,iol-research
wmt24-news,en-zh,125,iol-research
wmt24-news,en-zh,108,iol-research
wmt24-news,en-zh,95,iol-research
wmt24-news,en-zh,102,iol-research
wmt24-news,en-zh,46,llama3-70b
wmt24-news,en-zh,7,llama3-70b
wmt24-news,en-zh,77,llama3-70b
wmt24-news,en-zh,27,llama3-70b
wmt24-news,en-zh,54,llama3-70b
wmt24-news,en-zh,108,llama3-70b
wmt24-news,en-zh,125,llama3-70b
wmt24-news,en-zh,95,llama3-70b
wmt24-news,en-zh,102,llama3-70b
wmt24-news,en-zh,86,llama3-70b
wmt24-news,en-zh,54,online-b
wmt24-news,en-zh,7,online-b
wmt24-news,en-zh,46,online-b
wmt24-news,en-zh,77,online-b
wmt24-news,en-zh,27,online-b
wmt24-news,en-zh,95,online-b
wmt24-news,en-zh,102,online-b
wmt24-news,en-zh,108,online-b
wmt24-news,en-zh,86,online-b
wmt24-news,en-zh,125,online-b
wmt24-news,en-zh,7,unbabel-tower70b
wmt24-news,en-zh,54,unbabel-tower70b
wmt24-news,en-zh,77,unbabel-tower70b
wmt24-news,en-zh,46,unbabel-tower70b
wmt24-news,en-zh,27,unbabel-tower70b
wmt24-news,en-zh,125,unbabel-tower70b
wmt24-news,en-zh,95,unbabel-tower70b
wmt24-news,en-zh,102,unbabel-tower70b
wmt24-news,en-zh,86,unbabel-tower70b
wmt24-news,en-zh,108,unbabel-tower70b
wmt24-social,en-cs,43,aya23
wmt24-social,en-cs,129,aya23
wmt24-social,en-cs,78,aya23
wmt24-social,en-cs,168,aya23
wmt24-social,en-cs,215,aya23
wmt24-social,en-cs,231,aya23
wmt24-social,en-cs,236,aya23
wmt24-social,en-cs,237,aya23
wmt24-social,en-cs,186,aya23
wmt24-social,en-cs,295,aya23
wmt24-social,en-cs,78,claude-3-5
wmt24-social,en-cs,43,claude-3-5
wmt24-social,en-cs,129,claude-3-5
wmt24-social,en-cs,295,claude-3-5
wmt24-social,en-cs,237,claude-3-5
wmt24-social,en-cs,231,claude-3-5
wmt24-social,en-cs,236,claude-3-5
wmt24-social,en-cs,186,claude-3-5
wmt24-social,en-cs,168,claude-3-5
wmt24-social,en-cs,78,commandr-plus
wmt24-social,en-cs,129,commandr-plus
wmt24-social,en-cs,43,commandr-plus
wmt24-social,en-cs,186,commandr-plus
wmt24-social,en-cs,295,commandr-plus
wmt24-social,en-cs,231,commandr-plus
wmt24-social,en-cs,236,commandr-plus
wmt24-social,en-cs,237,commandr-plus
wmt24-social,en-cs,215,commandr-plus
wmt24-social,en-cs,168,commandr-plus
wmt24-social,en-cs,78,cuni-doctransformer
wmt24-social,en-cs,129,cuni-doctransformer
wmt24-social,en-cs,43,cuni-doctransformer
wmt24-social,en-cs,237,cuni-doctransformer
wmt24-social,en-cs,215,cuni-doctransformer
wmt24-social,en-cs,168,cuni-doctransformer
wmt24-social,en-cs,231,cuni-doctransformer
wmt24-social,en-cs,236,cuni-doctransformer
wmt24-social,en-cs,186,cuni-doctransformer
wmt24-social,en-cs,295,cuni-doctransformer
wmt24-social,en-cs,43,cuni-ga
wmt24-social,en-cs,129,cuni-ga
wmt24-social,en-cs,78,cuni-ga
wmt24-social,en-cs,215,cuni-ga
wmt24-social,en-cs,186,cuni-ga
wmt24-social,en-cs,237,cuni-ga
wmt24-social,en-cs,295,cuni-ga
wmt24-social,en-cs,168,cuni-ga
wmt24-social,en-cs,231,cuni-ga
wmt24-social,en-cs,236,cuni-ga
wmt24-social,en-cs,129,cuni-mh
wmt24-social,en-cs,43,cuni-mh
wmt24-social,en-cs,78,cuni-mh
wmt24-social,en-cs,237,cuni-mh
wmt24-social,en-cs,231,cuni-mh
wmt24-social,en-cs,236,cuni-mh
wmt24-social,en-cs,168,cuni-mh
wmt24-social,en-cs,295,cuni-mh
wmt24-social,en-cs,215,cuni-mh
wmt24-social,en-cs,43,gemini-1-5-pro
wmt24-social,en-cs,129,gemini-1-5-pro
wmt24-social,en-cs,78,gemini-1-5-pro
wmt24-social,en-cs,168,gemini-1-5-pro
wmt24-social,en-cs,186,gemini-1-5-pro
wmt24-social,en-cs,231,gemini-1-5-pro
wmt24-social,en-cs,236,gemini-1-5-pro
wmt24-social,en-cs,295,gemini-1-5-pro
wmt24-social,en-cs,237,gemini-1-5-pro
wmt24-social,en-cs,129,gpt-4
wmt24-social,en-cs,78,gpt-4
wmt24-social,en-cs,43,gpt-4
wmt24-social,en-cs,231,gpt-4
wmt24-social,en-cs,236,gpt-4
wmt24-social,en-cs,237,gpt-4
wmt24-social,en-cs,168,gpt-4
wmt24-social,en-cs,215,gpt-4
wmt24-social,en-cs,295,gpt-4
wmt24-social,en-cs,186,gpt-4
wmt24-social,en-cs,78,ikun
wmt24-social,en-cs,43,ikun
wmt24-social,en-cs,129,ikun
wmt24-social,en-cs,215,ikun
wmt24-social,en-cs,237,ikun
wmt24-social,en-cs,295,ikun
wmt24-social,en-cs,231,ikun
wmt24-social,en-cs,236,ikun
wmt24-social,en-cs,168,ikun
wmt24-social,en-cs,129,ikun-c
wmt24-social,en-cs,43,ikun-c
wmt24-social,en-cs,78,ikun-c
wmt24-social,en-cs,237,ikun-c
wmt24-social,en-cs,168,ikun-c
wmt24-social,en-cs,295,ikun-c
wmt24-social,en-cs,186,ikun-c
wmt24-social,en-cs,215,ikun-c
wmt24-social,en-cs,231,ikun-c
wmt24-social,en-cs,236,ikun-c
wmt24-social,en-cs,43,iol-research
wmt24-social,en-cs,129,iol-research
wmt24-social,en-cs,78,iol-research
wmt24-social,en-cs,295,iol-research
wmt24-social,en-cs,237,iol-research
wmt24-social,en-cs,168,iol-research
wmt24-social,en-cs,231,iol-research
wmt24-social,en-cs,236,iol-research
wmt24-social,en-cs,215,iol-research
wmt24-social,en-cs,186,iol-research
wmt24-social,en-cs,43,llama3-70b
wmt24-social,en-cs,129,llama3-70b
wmt24-social,en-cs,78,llama3-70b
wmt24-social,en-cs,186,llama3-70b
wmt24-social,en-cs,237,llama3-70b
wmt24-social,en-cs,168,llama3-70b
wmt24-social,en-cs,231,llama3-70b
wmt24-social,en-cs,236,llama3-70b
wmt24-social,en-cs,215,llama3-70b
wmt24-social,en-cs,295,llama3-70b
wmt24-social,en-cs,78,online-w
wmt24-social,en-cs,43,online-w
wmt24-social,en-cs,129,online-w
wmt24-social,en-cs,215,online-w
wmt24-social,en-cs,231,online-w
wmt24-social,en-cs,236,online-w
wmt24-social,en-cs,237,online-w
wmt24-social,en-cs,295,online-w
wmt24-social,en-cs,168,online-w
wmt24-social,en-cs,186,online-w
wmt24-social,en-cs,129,scir-mt
wmt24-social,en-cs,43,scir-mt
wmt24-social,en-cs,78,scir-mt
wmt24-social,en-cs,186,scir-mt
wmt24-social,en-cs,295,scir-mt
wmt24-social,en-cs,237,scir-mt
wmt24-social,en-cs,231,scir-mt
wmt24-social,en-cs,236,scir-mt
wmt24-social,en-cs,168,scir-mt
wmt24-social,en-cs,215,scir-mt
wmt24-social,en-cs,43,unbabel-tower70b
wmt24-social,en-cs,129,unbabel-tower70b
wmt24-social,en-cs,78,unbabel-tower70b
wmt24-social,en-cs,215,unbabel-tower70b
wmt24-social,en-cs,295,unbabel-tower70b
wmt24-social,en-cs,237,unbabel-tower70b
wmt24-social,en-cs,168,unbabel-tower70b
wmt24-social,en-cs,186,unbabel-tower70b
wmt24-social,en-cs,231,unbabel-tower70b
wmt24-social,en-cs,236,unbabel-tower70b
wmt24-social,en-es,69,claude-3-5
wmt24-social,en-es,59,claude-3-5
wmt24-social,en-es,62,claude-3-5
wmt24-social,en-es,63,claude-3-5
wmt24-social,en-es,105,claude-3-5
wmt24-social,en-es,289,claude-3-5
wmt24-social,en-es,206,claude-3-5
wmt24-social,en-es,212,claude-3-5
wmt24-social,en-es,261,claude-3-5
wmt24-social,en-es,252,claude-3-5
wmt24-social,en-es,105,commandr-plus
wmt24-social,en-es,59,commandr-plus
wmt24-social,en-es,62,commandr-plus
wmt24-social,en-es,63,commandr-plus
wmt24-social,en-es,69,commandr-plus
wmt24-social,en-es,252,commandr-plus
wmt24-social,en-es,289,commandr-plus
wmt24-social,en-es,261,commandr-plus
wmt24-social,en-es,212,commandr-plus
wmt24-social,en-es,206,commandr-plus
wmt24-social,en-es,69,dubformer
wmt24-social,en-es,59,dubformer
wmt24-social,en-es,62,dubformer
wmt24-social,en-es,63,dubformer
wmt24-social,en-es,105,dubformer
wmt24-social,en-es,261,dubformer
wmt24-social,en-es,252,dubformer
wmt24-social,en-es,206,dubformer
wmt24-social,en-es,212,dubformer
wmt24-social,en-es,289,dubformer
wmt24-social,en-es,59,gemini-1-5-pro
wmt24-social,en-es,62,gemini-1-5-pro
wmt24-social,en-es,63,gemini-1-5-pro
wmt24-social,en-es,69,gemini-1-5-pro
wmt24-social,en-es,105,gemini-1-5-pro
wmt24-social,en-es,289,gemini-1-5-pro
wmt24-social,en-es,261,gemini-1-5-pro
wmt24-social,en-es,212,gemini-1-5-pro
wmt24-social,en-es,252,gemini-1-5-pro
wmt24-social,en-es,206,gemini-1-5-pro
wmt24-social,en-es,69,gpt-4
wmt24-social,en-es,59,gpt-4
wmt24-social,en-es,62,gpt-4
wmt24-social,en-es,63,gpt-4
wmt24-social,en-es,105,gpt-4
wmt24-social,en-es,252,gpt-4
wmt24-social,en-es,206,gpt-4
wmt24-social,en-es,289,gpt-4
wmt24-social,en-es,261,gpt-4
wmt24-social,en-es,212,gpt-4
wmt24-social,en-es,59,ikun
wmt24-social,en-es,62,ikun
wmt24-social,en-es,63,ikun
wmt24-social,en-es,105,ikun
wmt24-social,en-es,69,ikun
wmt24-social,en-es,212,ikun
wmt24-social,en-es,252,ikun
wmt24-social,en-es,261,ikun
wmt24-social,en-es,289,ikun
wmt24-social,en-es,206,ikun
wmt24-social,en-es,69,ikun-c
wmt24-social,en-es,105,ikun-c
wmt24-social,en-es,59,ikun-c
wmt24-social,en-es,62,ikun-c
wmt24-social,en-es,63,ikun-c
wmt24-social,en-es,252,ikun-c
wmt24-social,en-es,289,ikun-c
wmt24-social,en-es,206,ikun-c
wmt24-social,en-es,261,ikun-c
wmt24-social,en-es,212,ikun-c
wmt24-social,en-es,105,iol-research
wmt24-social,en-es,69,iol-research
wmt24-social,en-es,59,iol-research
wmt24-social,en-es,62,iol-research
wmt24-social,en-es,63,iol-research
wmt24-social,en-es,212,iol-research
wmt24-social,en-es,289,iol-research
wmt24-social,en-es,252,iol-research
wmt24-social,en-es,206,iol-research
wmt24-social,en-es,261,iol-research
wmt24-social,en-es,105,llama3-70b
wmt24-social,en-es,59,llama3-70b
wmt24-social,en-es,62,llama3-70b
wmt24-social,en-es,63,llama3-70b
wmt24-social,en-es,69,llama3-70b
wmt24-social,en-es,252,llama3-70b
wmt24-social,en-es,261,llama3-70b
wmt24-social,en-es,289,llama3-70b
wmt24-social,en-es,206,llama3-70b
wmt24-social,en-es,212,llama3-70b
wmt24-social,en-es,69,mistral-large
wmt24-social,en-es,59,mistral-large
wmt24-social,en-es,62,mistral-large
wmt24-social,en-es,63,mistral-large
wmt24-social,en-es,105,mistral-large
wmt24-social,en-es,212,mistral-large
wmt24-social,en-es,261,mistral-large
wmt24-social,en-es,289,mistral-large
wmt24-social,en-es,252,mistral-large
wmt24-social,en-es,206,mistral-large
wmt24-social,en-es,59,mslc
wmt24-social,en-es,62,mslc
wmt24-social,en-es,63,mslc
wmt24-social,en-es,69,mslc
wmt24-social,en-es,105,mslc
wmt24-social,en-es,206,mslc
wmt24-social,en-es,212,mslc
wmt24-social,en-es,289,mslc
wmt24-social,en-es,252,mslc
wmt24-social,en-es,261,mslc
wmt24-social,en-es,105,online-b
wmt24-social,en-es,59,online-b
wmt24-social,en-es,62,online-b
wmt24-social,en-es,63,online-b
wmt24-social,en-es,69,online-b
wmt24-social,en-es,206,online-b
wmt24-social,en-es,212,online-b
wmt24-social,en-es,252,online-b
wmt24-social,en-es,261,online-b
wmt24-social,en-es,289,online-b
wmt24-social,en-es,59,unbabel-tower70b
wmt24-social,en-es,62,unbabel-tower70b
wmt24-social,en-es,63,unbabel-tower70b
wmt24-social,en-es,105,unbabel-tower70b
wmt24-social,en-es,69,unbabel-tower70b
wmt24-social,en-es,261,unbabel-tower70b
wmt24-social,en-es,289,unbabel-tower70b
wmt24-social,en-es,252,unbabel-tower70b
wmt24-social,en-es,206,unbabel-tower70b
wmt24-social,en-es,212,unbabel-tower70b
wmt24-social,en-hi,82,aya23
wmt24-social,en-hi,24,aya23
wmt24-social,en-hi,115,aya23
wmt24-social,en-hi,152,aya23
wmt24-social,en-hi,6,aya23
wmt24-social,en-hi,171,aya23
wmt24-social,en-hi,262,aya23
wmt24-social,en-hi,298,aya23
wmt24-social,en-hi,244,aya23
wmt24-social,en-hi,217,aya23
wmt24-social,en-hi,82,claude-3-5
wmt24-social,en-hi,24,claude-3-5
wmt24-social,en-hi,6,claude-3-5
wmt24-social,en-hi,115,claude-3-5
wmt24-social,en-hi,152,claude-3-5
wmt24-social,en-hi,171,claude-3-5
wmt24-social,en-hi,298,claude-3-5
wmt24-social,en-hi,217,claude-3-5
wmt24-social,en-hi,262,claude-3-5
wmt24-social,en-hi,244,claude-3-5
wmt24-social,en-hi,115,gemini-1-5-pro
wmt24-social,en-hi,6,gemini-1-5-pro
wmt24-social,en-hi,82,gemini-1-5-pro
wmt24-social,en-hi,152,gemini-1-5-pro
wmt24-social,en-hi,24,gemini-1-5-pro
wmt24-social,en-hi,262,gemini-1-5-pro
wmt24-social,en-hi,171,gemini-1-5-pro
wmt24-social,en-hi,244,gemini-1-5-pro
wmt24-social,en-hi,298,gemini-1-5-pro
wmt24-social,en-hi,217,gemini-1-5-pro
wmt24-social,en-hi,6,gpt-4
wmt24-social,en-hi,115,gpt-4
wmt24-social,en-hi,82,gpt-4
wmt24-social,en-hi,152,gpt-4
wmt24-social,en-hi,24,gpt-4
wmt24-social,en-hi,217,gpt-4
wmt24-social,en-hi,244,gpt-4
wmt24-social,en-hi,262,gpt-4
wmt24-social,en-hi,171,gpt-4
wmt24-social,en-hi,298,gpt-4
wmt24-social,en-hi,24,ikun-c
wmt24-social,en-hi,152,ikun-c
wmt24-social,en-hi,82,ikun-c
wmt24-social,en-hi,6,ikun-c
wmt24-social,en-hi,115,ikun-c
wmt24-social,en-hi,244,ikun-c
wmt24-social,en-hi,217,ikun-c
wmt24-social,en-hi,171,ikun-c
wmt24-social,en-hi,298,ikun-c
wmt24-social,en-hi,262,ikun-c
wmt24-social,en-hi,6,iol-research
wmt24-social,en-hi,24,iol-research
wmt24-social,en-hi,115,iol-research
wmt24-social,en-hi,152,iol-research
wmt24-social,en-hi,82,iol-research
wmt24-social,en-hi,262,iol-research
wmt24-social,en-hi,217,iol-research
wmt24-social,en-hi,298,iol-research
wmt24-social,en-hi,171,iol-research
wmt24-social,en-hi,244,iol-research
wmt24-social,en-hi,115,llama3-70b
wmt24-social,en-hi,152,llama3-70b
wmt24-social,en-hi,6,llama3-70b
wmt24-social,en-hi,24,llama3-70b
wmt24-social,en-hi,82,llama3-70b
wmt24-social,en-hi,244,llama3-70b
wmt24-social,en-hi,217,llama3-70b
wmt24-social,en-hi,298,llama3-70b
wmt24-social,en-hi,262,llama3-70b
wmt24-social,en-hi,171,llama3-70b
wmt24-social,en-hi,82,online-b
wmt24-social,en-hi,152,online-b
wmt24-social,en-hi,24,online-b
wmt24-social,en-hi,6,online-b
wmt24-social,en-hi,115,online-b
wmt24-social,en-hi,171,online-b
wmt24-social,en-hi,262,online-b
wmt24-social,en-hi,217,online-b
wmt24-social,en-hi,298,online-b
wmt24-social,en-hi,244,online-b
wmt24-social,en-hi,6,transsionmt
wmt24-social,en-hi,82,transsionmt
wmt24-social,en-hi,152,transsionmt
wmt24-social,en-hi,115,transsionmt
wmt24-social,en-hi,24,transsionmt
wmt24-social,en-hi,262,transsionmt
wmt24-social,en-hi,298,transsionmt
wmt24-social,en-hi,171,transsionmt
wmt24-social,en-hi,217,transsionmt
wmt24-social,en-hi,244,transsionmt
wmt24-social,en-hi,6,unbabel-tower70b
wmt24-social,en-hi,152,unbabel-tower70b
wmt24-social,en-hi,115,unbabel-tower70b
wmt24-social,en-hi,82,unbabel-tower70b
wmt24-social,en-hi,24,unbabel-tower70b
wmt24-social,en-hi,217,unbabel-tower70b
wmt24-social,en-hi,244,unbabel-tower70b
wmt24-social,en-hi,171,unbabel-tower70b
wmt24-social,en-hi,298,unbabel-tower70b
wmt24-social,en-hi,262,unbabel-tower70b
wmt24-social,en-is,101,ami
wmt24-social,en-is,20,ami
wmt24-social,en-is,8,ami
wmt24-social,en-is,51,ami
wmt24-social,en-is,17,ami
wmt24-social,en-is,62,ami
wmt24-social,en-is,152,ami
wmt24-social,en-is,177,ami
wmt24-social,en-is,164,ami
wmt24-social,en-is,212,ami
wmt24-social,en-is,62,claude-3-5
wmt24-social,en-is,17,claude-3-5
wmt24-social,en-is,152,claude-3-5
wmt24-social,en-is,51,claude-3-5
wmt24-social,en-is,101,claude-3-5
wmt24-social,en-is,8,claude-3-5
wmt24-social,en-is,20,claude-3-5
wmt24-social,en-is,212,claude-3-5
wmt24-social,en-is,177,claude-3-5
wmt24-social,en-is,164,claude-3-5
wmt24-social,en-is,20,dubformer
wmt24-social,en-is,101,dubformer
wmt24-social,en-is,62,dubformer
wmt24-social,en-is,8,dubformer
wmt24-social,en-is,17,dubformer
wmt24-social,en-is,152,dubformer
wmt24-social,en-is,51,dubformer
wmt24-social,en-is,177,dubformer
wmt24-social,en-is,212,dubformer
wmt24-social,en-is,164,dubformer
wmt24-social,en-is,101,gpt-4
wmt24-social,en-is,8,gpt-4
wmt24-social,en-is,17,gpt-4
wmt24-social,en-is,62,gpt-4
wmt24-social,en-is,51,gpt-4
wmt24-social,en-is,152,gpt-4
wmt24-social,en-is,20,gpt-4
wmt24-social,en-is,177,gpt-4
wmt24-social,en-is,164,gpt-4
wmt24-social,en-is,212,gpt-4
wmt24-social,en-is,51,ikun
wmt24-social,en-is,20,ikun
wmt24-social,en-is,8,ikun
wmt24-social,en-is,62,ikun
wmt24-social,en-is,17,ikun
wmt24-social,en-is,101,ikun
wmt24-social,en-is,152,ikun
wmt24-social,en-is,164,ikun
wmt24-social,en-is,212,ikun
wmt24-social,en-is,177,ikun
wmt24-social,en-is,101,ikun-c
wmt24-social,en-is,51,ikun-c
wmt24-social,en-is,20,ikun-c
wmt24-social,en-is,152,ikun-c
wmt24-social,en-is,17,ikun-c
wmt24-social,en-is,8,ikun-c
wmt24-social,en-is,62,ikun-c
wmt24-social,en-is,177,ikun-c
wmt24-social,en-is,212,ikun-c
wmt24-social,en-is,164,ikun-c
wmt24-social,en-is,62,iol-research
wmt24-social,en-is,17,iol-research
wmt24-social,en-is,8,iol-research
wmt24-social,en-is,20,iol-research
wmt24-social,en-is,101,iol-research
wmt24-social,en-is,152,iol-research
wmt24-social,en-is,51,iol-research
wmt24-social,en-is,177,iol-research
wmt24-social,en-is,164,iol-research
wmt24-social,en-is,212,iol-research
wmt24-social,en-is,51,llama3-70b
wmt24-social,en-is,152,llama3-70b
wmt24-social,en-is,62,llama3-70b
wmt24-social,en-is,17,llama3-70b
wmt24-social,en-is,101,llama3-70b
wmt24-social,en-is,8,llama3-70b
wmt24-social,en-is,20,llama3-70b
wmt24-social,en-is,212,llama3-70b
wmt24-social,en-is,164,llama3-70b
wmt24-social,en-is,177,llama3-70b
wmt24-social,en-is,20,online-b
wmt24-social,en-is,62,online-b
wmt24-social,en-is,51,online-b
wmt24-social,en-is,17,online-b
wmt24-social,en-is,101,online-b
wmt24-social,en-is,152,online-b
wmt24-social,en-is,8,online-b
wmt24-social,en-is,177,online-b
wmt24-social,en-is,212,online-b
wmt24-social,en-is,164,online-b
wmt24-social,en-is,8,unbabel-tower70b
wmt24-social,en-is,17,unbabel-tower70b
wmt24-social,en-is,51,unbabel-tower70b
wmt24-social,en-is,62,unbabel-tower70b
wmt24-social,en-is,20,unbabel-tower70b
wmt24-social,en-is,101,unbabel-tower70b
wmt24-social,en-is,152,unbabel-tower70b
wmt24-social,en-is,164,unbabel-tower70b
wmt24-social,en-is,177,unbabel-tower70b
wmt24-social,en-is,212,unbabel-tower70b
wmt24-social,en-ja,38,aya23
wmt24-social,en-ja,7,aya23
wmt24-social,en-ja,76,aya23
wmt24-social,en-ja,55,aya23
wmt24-social,en-ja,57,aya23
wmt24-social,en-ja,27,aya23
wmt24-social,en-ja,141,aya23
wmt24-social,en-ja,162,aya23
wmt24-social,en-ja,184,aya23
wmt24-social,en-ja,211,aya23
wmt24-social,en-ja,38,claude-3-5
wmt24-social,en-ja,55,claude-3-5
wmt24-social,en-ja,76,claude-3-5
wmt24-social,en-ja,7,claude-3-5
wmt24-social,en-ja,141,claude-3-5
wmt24-social,en-ja,27,claude-3-5
wmt24-social,en-ja,57,claude-3-5
wmt24-social,en-ja,184,claude-3-5
wmt24-social,en-ja,211,claude-3-5
wmt24-social,en-ja,162,claude-3-5
wmt24-social,en-ja,38,commandr-plus
wmt24-social,en-ja,141,commandr-plus
wmt24-social,en-ja,27,commandr-plus
wmt24-social,en-ja,55,commandr-plus
wmt24-social,en-ja,76,commandr-plus
wmt24-social,en-ja,7,commandr-plus
wmt24-social,en-ja,57,commandr-plus
wmt24-social,en-ja,162,commandr-plus
wmt24-social,en-ja,184,commandr-plus
wmt24-social,en-ja,211,commandr-plus
wmt24-social,en-ja,38,gemini-1-5-pro
wmt24-social,en-ja,57,gemini-1-5-pro
wmt24-social,en-ja,27,gemini-1-5-pro
wmt24-social,en-ja,76,gemini-1-5-pro
wmt24-social,en-ja,141,gemini-1-5-pro
wmt24-social,en-ja,55,gemini-1-5-pro
wmt24-social,en-ja,7,gemini-1-5-pro
wmt24-social,en-ja,162,gemini-1-5-pro
wmt24-social,en-ja,184,gemini-1-5-pro
wmt24-social,en-ja,211,gemini-1-5-pro
wmt24-social,en-ja,76,gpt-4
wmt24-social,en-ja,27,gpt-4
wmt24-social,en-ja,141,gpt-4
wmt24-social,en-ja,57,gpt-4
wmt24-social,en-ja,7,gpt-4
wmt24-social,en-ja,38,gpt-4
wmt24-social,en-ja,55,gpt-4
wmt24-social,en-ja,162,gpt-4
wmt24-social,en-ja,184,gpt-4
wmt24-social,en-ja,211,gpt-4
wmt24-social,en-ja,55,ikun-c
wmt24-social,en-ja,7,ikun-c
wmt24-social,en-ja,38,ikun-c
wmt24-social,en-ja,27,ikun-c
wmt24-social,en-ja,141,ikun-c
wmt24-social,en-ja,76,ikun-c
wmt24-social,en-ja,57,ikun-c
wmt24-social,en-ja,162,ikun-c
wmt24-social,en-ja,211,ikun-c
wmt24-social,en-ja,184,ikun-c
wmt24-social,en-ja,141,iol-research
wmt24-social,en-ja,38,iol-research
wmt24-social,en-ja,55,iol-research
wmt24-social,en-ja,27,iol-research
wmt24-social,en-ja,76,iol-research
wmt24-social,en-ja,7,iol-research
wmt24-social,en-ja,57,iol-research
wmt24-social,en-ja,211,iol-research
wmt24-social,en-ja,184,iol-research
wmt24-social,en-ja,162,iol-research
wmt24-social,en-ja,141,llama3-70b
wmt24-social,en-ja,57,llama3-70b
wmt24-social,en-ja,38,llama3-70b
wmt24-social,en-ja,76,llama3-70b
wmt24-social,en-ja,7,llama3-70b
wmt24-social,en-ja,55,llama3-70b
wmt24-social,en-ja,27,llama3-70b
wmt24-social,en-ja,184,llama3-70b
wmt24-social,en-ja,211,llama3-70b
wmt24-social,en-ja,162,llama3-70b
wmt24-social,en-ja,57,nttsu
wmt24-social,en-ja,55,nttsu
wmt24-social,en-ja,38,nttsu
wmt24-social,en-ja,76,nttsu
wmt24-social,en-ja,141,nttsu
wmt24-social,en-ja,7,nttsu
wmt24-social,en-ja,27,nttsu
wmt24-social,en-ja,211,nttsu
wmt24-social,en-ja,162,nttsu
wmt24-social,en-ja,184,nttsu
wmt24-social,en-ja,27,online-b
wmt24-social,en-ja,141,online-b
wmt24-social,en-ja,57,online-b
wmt24-social,en-ja,7,online-b
wmt24-social,en-ja,38,online-b
wmt24-social,en-ja,76,online-b
wmt24-social,en-ja,55,online-b
wmt24-social,en-ja,162,online-b
wmt24-social,en-ja,211,online-b
wmt24-social,en-ja,184,online-b
wmt24-social,en-ja,27,team-j
wmt24-social,en-ja,55,team-j
wmt24-social,en-ja,57,team-j
wmt24-social,en-ja,7,team-j
wmt24-social,en-ja,38,team-j
wmt24-social,en-ja,76,team-j
wmt24-social,en-ja,141,team-j
wmt24-social,en-ja,162,team-j
wmt24-social,en-ja,184,team-j
wmt24-social,en-ja,211,team-j
wmt24-social,en-ja,7,unbabel-tower70b
wmt24-social,en-ja,55,unbabel-tower70b
wmt24-social,en-ja,57,unbabel-tower70b
wmt24-social,en-ja,27,unbabel-tower70b
wmt24-social,en-ja,38,unbabel-tower70b
wmt24-social,en-ja,141,unbabel-tower70b
wmt24-social,en-ja,76,unbabel-tower70b
wmt24-social,en-ja,211,unbabel-tower70b
wmt24-social,en-ja,184,unbabel-tower70b
wmt24-social,en-ja,162,unbabel-tower70b
wmt24-social,en-ru,61,aya23
wmt24-social,en-ru,72,aya23
wmt24-social,en-ru,21,aya23
wmt24-social,en-ru,121,aya23
wmt24-social,en-ru,126,aya23
wmt24-social,en-ru,215,aya23
wmt24-social,en-ru,225,aya23
wmt24-social,en-ru,278,aya23
wmt24-social,en-ru,193,aya23
wmt24-social,en-ru,300,aya23
wmt24-social,en-ru,61,claude-3-5
wmt24-social,en-ru,21,claude-3-5
wmt24-social,en-ru,121,claude-3-5
wmt24-social,en-ru,126,claude-3-5
wmt24-social,en-ru,72,claude-3-5
wmt24-social,en-ru,193,claude-3-5
wmt24-social,en-ru,215,claude-3-5
wmt24-social,en-ru,300,claude-3-5
wmt24-social,en-ru,225,claude-3-5
wmt24-social,en-ru,278,claude-3-5
wmt24-social,en-ru,72,commandr-plus
wmt24-social,en-ru,21,commandr-plus
wmt24-social,en-ru,61,commandr-plus
wmt24-social,en-ru,121,commandr-plus
wmt24-social,en-ru,126,commandr-plus
wmt24-social,en-ru,215,commandr-plus
wmt24-social,en-ru,278,commandr-plus
wmt24-social,en-ru,225,commandr-plus
wmt24-social,en-ru,300,commandr-plus
wmt24-social,en-ru,193,commandr-plus
wmt24-social,en-ru,72,dubformer
wmt24-social,en-ru,21,dubformer
wmt24-social,en-ru,121,dubformer
wmt24-social,en-ru,126,dubformer
wmt24-social,en-ru,61,dubformer
wmt24-social,en-ru,278,dubformer
wmt24-social,en-ru,215,dubformer
wmt24-social,en-ru,193,dubformer
wmt24-social,en-ru,300,dubformer
wmt24-social,en-ru,225,dubformer
wmt24-social,en-ru,121,gemini-1-5-pro
wmt24-social,en-ru,126,gemini-1-5-pro
wmt24-social,en-ru,21,gemini-1-5-pro
wmt24-social,en-ru,61,gemini-1-5-pro
wmt24-social,en-ru,72,gemini-1-5-pro
wmt24-social,en-ru,193,gemini-1-5-pro
wmt24-social,en-ru,278,gemini-1-5-pro
wmt24-social,en-ru,300,gemini-1-5-pro
wmt24-social,en-ru,215,gemini-1-5-pro
wmt24-social,en-ru,225,gemini-1-5-pro
wmt24-social,en-ru,61,gpt-4
wmt24-social,en-ru,72,gpt-4
wmt24-social,en-ru,121,gpt-4
wmt24-social,en-ru,126,gpt-4
wmt24-social,en-ru,21,gpt-4
wmt24-social,en-ru,215,gpt-4
wmt24-social,en-ru,225,gpt-4
wmt24-social,en-ru,193,gpt-4
wmt24-social,en-ru,300,gpt-4
wmt24-social,en-ru,278,gpt-4
wmt24-social,en-ru,61,ikun
wmt24-social,en-ru,21,ikun
wmt24-social,en-ru,72,ikun
wmt24-social,en-ru,121,ikun
wmt24-social,en-ru,126,ikun
wmt24-social,en-ru,225,ikun
wmt24-social,en-ru,215,ikun
wmt24-social,en-ru,278,ikun
wmt24-social,en-ru,193,ikun
wmt24-social,en-ru,300,ikun
wmt24-social,en-ru,21,ikun-c
wmt24-social,en-ru,61,ikun-c
wmt24-social,en-ru,121,ikun-c
wmt24-social,en-ru,126,ikun-c
wmt24-social,en-ru,72,ikun-c
wmt24-social,en-ru,215,ikun-c
wmt24-social,en-ru,278,ikun-c
wmt24-social,en-ru,193,ikun-c
wmt24-social,en-ru,225,ikun-c
wmt24-social,en-ru,300,ikun-c
wmt24-social,en-ru,72,iol-research
wmt24-social,en-ru,61,iol-research
wmt24-social,en-ru,21,iol-research
wmt24-social,en-ru,121,iol-research
wmt24-social,en-ru,126,iol-research
wmt24-social,en-ru,225,iol-research
wmt24-social,en-ru,215,iol-research
wmt24-social,en-ru,278,iol-research
wmt24-social,en-ru,300,iol-research
wmt24-social,en-ru,193,iol-research
wmt24-social,en-ru,21,llama3-70b
wmt24-social,en-ru,72,llama3-70b
wmt24-social,en-ru,121,llama3-70b
wmt24-social,en-ru,126,llama3-70b
wmt24-social,en-ru,61,llama3-70b
wmt24-social,en-ru,300,llama3-70b
wmt24-social,en-ru,193,llama3-70b
wmt24-social,en-ru,215,llama3-70b
wmt24-social,en-ru,225,llama3-70b
wmt24-social,en-ru,278,llama3-70b
wmt24-social,en-ru,121,online-g
wmt24-social,en-ru,126,online-g
wmt24-social,en-ru,61,online-g
wmt24-social,en-ru,72,online-g
wmt24-social,en-ru,21,online-g
wmt24-social,en-ru,278,online-g
wmt24-social,en-ru,215,online-g
wmt24-social,en-ru,225,online-g
wmt24-social,en-ru,193,online-g
wmt24-social,en-ru,300,online-g
wmt24-social,en-ru,121,unbabel-tower70b
wmt24-social,en-ru,126,unbabel-tower70b
wmt24-social,en-ru,21,unbabel-tower70b
wmt24-social,en-ru,72,unbabel-tower70b
wmt24-social,en-ru,61,unbabel-tower70b
wmt24-social,en-ru,278,unbabel-tower70b
wmt24-social,en-ru,300,unbabel-tower70b
wmt24-social,en-ru,215,unbabel-tower70b
wmt24-social,en-ru,193,unbabel-tower70b
wmt24-social,en-ru,225,unbabel-tower70b
wmt24-social,en-ru,121,yandex
wmt24-social,en-ru,126,yandex
wmt24-social,en-ru,61,yandex
wmt24-social,en-ru,21,yandex
wmt24-social,en-ru,72,yandex
wmt24-social,en-ru,225,yandex
wmt24-social,en-ru,278,yandex
wmt24-social,en-ru,193,yandex
wmt24-social,en-ru,215,yandex
wmt24-social,en-ru,300,yandex
wmt24-social,en-uk,77,claude-3-5
wmt24-social,en-uk,51,claude-3-5
wmt24-social,en-uk,118,claude-3-5
wmt24-social,en-uk,138,claude-3-5
wmt24-social,en-uk,127,claude-3-5
wmt24-social,en-uk,297,claude-3-5
wmt24-social,en-uk,222,claude-3-5
wmt24-social,en-uk,271,claude-3-5
wmt24-social,en-uk,273,claude-3-5
wmt24-social,en-uk,244,claude-3-5
wmt24-social,en-uk,51,commandr-plus
wmt24-social,en-uk,77,commandr-plus
wmt24-social,en-uk,127,commandr-plus
wmt24-social,en-uk,138,commandr-plus
wmt24-social,en-uk,118,commandr-plus
wmt24-social,en-uk,297,commandr-plus
wmt24-social,en-uk,271,commandr-plus
wmt24-social,en-uk,273,commandr-plus
wmt24-social,en-uk,244,commandr-plus
wmt24-social,en-uk,222,commandr-plus
wmt24-social,en-uk,127,dubformer
wmt24-social,en-uk,118,dubformer
wmt24-social,en-uk,51,dubformer
wmt24-social,en-uk,138,dubformer
wmt24-social,en-uk,77,dubformer
wmt24-social,en-uk,244,dubformer
wmt24-social,en-uk,271,dubformer
wmt24-social,en-uk,273,dubformer
wmt24-social,en-uk,222,dubformer
wmt24-social,en-uk,297,dubformer
wmt24-social,en-uk,77,gemini-1-5-pro
wmt24-social,en-uk,138,gemini-1-5-pro
wmt24-social,en-uk,118,gemini-1-5-pro
wmt24-social,en-uk,51,gemini-1-5-pro
wmt24-social,en-uk,127,gemini-1-5-pro
wmt24-social,en-uk,271,gemini-1-5-pro
wmt24-social,en-uk,273,gemini-1-5-pro
wmt24-social,en-uk,297,gemini-1-5-pro
wmt24-social,en-uk,244,gemini-1-5-pro
wmt24-social,en-uk,222,gemini-1-5-pro
wmt24-social,en-uk,77,gpt-4
wmt24-social,en-uk,127,gpt-4
wmt24-social,en-uk,51,gpt-4
wmt24-social,en-uk,118,gpt-4
wmt24-social,en-uk,138,gpt-4
wmt24-social,en-uk,271,gpt-4
wmt24-social,en-uk,273,gpt-4
wmt24-social,en-uk,297,gpt-4
wmt24-social,en-uk,244,gpt-4
wmt24-social,en-uk,222,gpt-4
wmt24-social,en-uk,118,ikun
wmt24-social,en-uk,138,ikun
wmt24-social,en-uk,77,ikun
wmt24-social,en-uk,51,ikun
wmt24-social,en-uk,127,ikun
wmt24-social,en-uk,222,ikun
wmt24-social,en-uk,271,ikun
wmt24-social,en-uk,273,ikun
wmt24-social,en-uk,244,ikun
wmt24-social,en-uk,297,ikun
wmt24-social,en-uk,118,ikun-c
wmt24-social,en-uk,138,ikun-c
wmt24-social,en-uk,51,ikun-c
wmt24-social,en-uk,127,ikun-c
wmt24-social,en-uk,77,ikun-c
wmt24-social,en-uk,244,ikun-c
wmt24-social,en-uk,271,ikun-c
wmt24-social,en-uk,273,ikun-c
wmt24-social,en-uk,297,ikun-c
wmt24-social,en-uk,222,ikun-c
wmt24-social,en-uk,138,iol-research
wmt24-social,en-uk,118,iol-research
wmt24-social,en-uk,51,iol-research
wmt24-social,en-uk,127,iol-research
wmt24-social,en-uk,77,iol-research
wmt24-social,en-uk,271,iol-research
wmt24-social,en-uk,273,iol-research
wmt24-social,en-uk,222,iol-research
wmt24-social,en-uk,244,iol-research
wmt24-social,en-uk,297,iol-research
wmt24-social,en-uk,51,online-w
wmt24-social,en-uk,77,online-w
wmt24-social,en-uk,118,online-w
wmt24-social,en-uk,138,online-w
wmt24-social,en-uk,127,online-w
wmt24-social,en-uk,244,online-w
wmt24-social,en-uk,222,online-w
wmt24-social,en-uk,271,online-w
wmt24-social,en-uk,273,online-w
wmt24-social,en-uk,297,online-w
wmt24-social,en-uk,51,unbabel-tower70b
wmt24-social,en-uk,138,unbabel-tower70b
wmt24-social,en-uk,118,unbabel-tower70b
wmt24-social,en-uk,127,unbabel-tower70b
wmt24-social,en-uk,77,unbabel-tower70b
wmt24-social,en-uk,244,unbabel-tower70b
wmt24-social,en-uk,271,unbabel-tower70b
wmt24-social,en-uk,273,unbabel-tower70b
wmt24-social,en-uk,222,unbabel-tower70b
wmt24-social,en-uk,297,unbabel-tower70b
wmt24-social,en-zh,66,aya23
wmt24-social,en-zh,100,aya23
wmt24-social,en-zh,56,aya23
wmt24-social,en-zh,147,aya23
wmt24-social,en-zh,129,aya23
wmt24-social,en-zh,175,aya23
wmt24-social,en-zh,186,aya23
wmt24-social,en-zh,188,aya23
wmt24-social,en-zh,295,aya23
wmt24-social,en-zh,304,aya23
wmt24-social,en-zh,66,claude-3-5
wmt24-social,en-zh,56,claude-3-5
wmt24-social,en-zh,100,claude-3-5
wmt24-social,en-zh,129,claude-3-5
wmt24-social,en-zh,147,claude-3-5
wmt24-social,en-zh,186,claude-3-5
wmt24-social,en-zh,188,claude-3-5
wmt24-social,en-zh,175,claude-3-5
wmt24-social,en-zh,304,claude-3-5
wmt24-social,en-zh,295,claude-3-5
wmt24-social,en-zh,56,commandr-plus
wmt24-social,en-zh,147,commandr-plus
wmt24-social,en-zh,66,commandr-plus
wmt24-social,en-zh,100,commandr-plus
wmt24-social,en-zh,129,commandr-plus
wmt24-social,en-zh,186,commandr-plus
wmt24-social,en-zh,188,commandr-plus
wmt24-social,en-zh,304,commandr-plus
wmt24-social,en-zh,295,commandr-plus
wmt24-social,en-zh,175,commandr-plus
wmt24-social,en-zh,66,gemini-1-5-pro
wmt24-social,en-zh,56,gemini-1-5-pro
wmt24-social,en-zh,100,gemini-1-5-pro
wmt24-social,en-zh,129,gemini-1-5-pro
wmt24-social,en-zh,147,gemini-1-5-pro
wmt24-social,en-zh,186,gemini-1-5-pro
wmt24-social,en-zh,188,gemini-1-5-pro
wmt24-social,en-zh,304,gemini-1-5-pro
wmt24-social,en-zh,295,gemini-1-5-pro
wmt24-social,en-zh,175,gemini-1-5-pro
wmt24-social,en-zh,56,gpt-4
wmt24-social,en-zh,66,gpt-4
wmt24-social,en-zh,100,gpt-4
wmt24-social,en-zh,129,gpt-4
wmt24-social,en-zh,147,gpt-4
wmt24-social,en-zh,175,gpt-4
wmt24-social,en-zh,304,gpt-4
wmt24-social,en-zh,186,gpt-4
wmt24-social,en-zh,188,gpt-4
wmt24-social,en-zh,295,gpt-4
wmt24-social,en-zh,100,hw-tsc
wmt24-social,en-zh,56,hw-tsc
wmt24-social,en-zh,129,hw-tsc
wmt24-social,en-zh,66,hw-tsc
wmt24-social,en-zh,147,hw-tsc
wmt24-social,en-zh,175,hw-tsc
wmt24-social,en-zh,186,hw-tsc
wmt24-social,en-zh,188,hw-tsc
wmt24-social,en-zh,295,hw-tsc
wmt24-social,en-zh,304,hw-tsc
wmt24-social,en-zh,100,ikun
wmt24-social,en-zh,56,ikun
wmt24-social,en-zh,147,ikun
wmt24-social,en-zh,129,ikun
wmt24-social,en-zh,66,ikun
wmt24-social,en-zh,175,ikun
wmt24-social,en-zh,304,ikun
wmt24-social,en-zh,186,ikun
wmt24-social,en-zh,188,ikun
wmt24-social,en-zh,295,ikun
wmt24-social,en-zh,66,ikun-c
wmt24-social,en-zh,56,ikun-c
wmt24-social,en-zh,100,ikun-c
wmt24-social,en-zh,147,ikun-c
wmt24-social,en-zh,129,ikun-c
wmt24-social,en-zh,186,ikun-c
wmt24-social,en-zh,188,ikun-c
wmt24-social,en-zh,304,ikun-c
wmt24-social,en-zh,175,ikun-c
wmt24-social,en-zh,295,ikun-c
wmt24-social,en-zh,129,iol-research
wmt24-social,en-zh,100,iol-research
wmt24-social,en-zh,147,iol-research
wmt24-social,en-zh,66,iol-research
wmt24-social,en-zh,56,iol-research
wmt24-social,en-zh,186,iol-research
wmt24-social,en-zh,188,iol-research
wmt24-social,en-zh,175,iol-research
wmt24-social,en-zh,304,iol-research
wmt24-social,en-zh,295,iol-research
wmt24-social,en-zh,147,llama3-70b
wmt24-social,en-zh,56,llama3-70b
wmt24-social,en-zh,66,llama3-70b
wmt24-social,en-zh,129,llama3-70b
wmt24-social,en-zh,100,llama3-70b
wmt24-social,en-zh,304,llama3-70b
wmt24-social,en-zh,175,llama3-70b
wmt24-social,en-zh,295,llama3-70b
wmt24-social,en-zh,186,llama3-70b
wmt24-social,en-zh,188,llama3-70b
wmt24-social,en-zh,147,online-b
wmt24-social,en-zh,100,online-b
wmt24-social,en-zh,129,online-b
wmt24-social,en-zh,56,online-b
wmt24-social,en-zh,66,online-b
wmt24-social,en-zh,186,online-b
wmt24-social,en-zh,188,online-b
wmt24-social,en-zh,295,online-b
wmt24-social,en-zh,304,online-b
wmt24-social,en-zh,175,online-b
wmt24-social,en-zh,147,unbabel-tower70b
wmt24-social,en-zh,56,unbabel-tower70b
wmt24-social,en-zh,100,unbabel-tower70b
wmt24-social,en-zh,66,unbabel-tower70b
wmt24-social,en-zh,129,unbabel-tower70b
wmt24-social,en-zh,186,unbabel-tower70b
wmt24-social,en-zh,188,unbabel-tower70b
wmt24-social,en-zh,175,unbabel-tower70b
wmt24-social,en-zh,304,unbabel-tower70b
wmt24-social,en-zh,295,unbabel-tower70b
